epsilon,delta,acc,best_metric,genes_selection,network,fl_strategy,sample_rate,learning_rate,fl_rounds,batches_per_round,max_grad_norm,noise_multiplier
0.19631261570355998,1e-05,0.8904672897196262,accuracy,rotterdam,lr,walk,0.1,0.75,1,1,0.5,6.0
0.20278547605545272,1e-05,0.8910280373831776,accuracy,rotterdam,lr,walk,0.1,0.5,1,1,0.5,5.0
0.20693288519792274,1e-05,0.8957009345794392,accuracy,rotterdam,lr,walk,0.1,0.5,2,1,0.5,6.0
0.20913737479366523,1e-05,0.8958878504672897,accuracy,rotterdam,lr,walk,0.1,1.0,1,1,0.5,4.5
0.21987860590170824,1e-05,0.8962616822429906,accuracy,rotterdam,lr,walk,0.1,0.5,1,2,0.5,5.0
0.22230097954573824,1e-05,0.8962616822429906,accuracy,rotterdam,lr,walk,0.1,0.75,1,1,0.5,4.0
0.2253671790298234,1e-05,0.8964485981308411,accuracy,rotterdam,lr,walk,0.1,0.5,1,3,0.5,5.5
0.22817342418664827,1e-05,0.8977570093457944,accuracy,rotterdam,lr,walk,0.1,0.5,1,4,0.5,6.0
0.2494139631753738,1e-05,0.8981308411214953,accuracy,rotterdam,lr,walk,0.1,0.5,3,2,0.5,6.0
0.3255008840903636,1e-05,0.8983177570093458,accuracy,rotterdam,lr,walk,0.1,0.5,2,3,0.5,4.5
0.37500493611127406,1e-05,0.8996261682242991,accuracy,rotterdam,lr,walk,0.1,0.5,3,6,0.5,6.0
0.4239321862320734,1e-05,0.9005607476635514,accuracy,rotterdam,lr,walk,0.1,0.5,15,1,0.5,5.0
0.4497742354582538,1e-05,0.9009345794392524,accuracy,rotterdam,lr,walk,0.1,0.75,13,1,0.5,4.5
0.4788069749963034,1e-05,0.9013084112149533,accuracy,rotterdam,lr,walk,0.1,0.75,3,5,0.5,4.5
0.5067479114523219,1e-05,0.9029906542056074,accuracy,rotterdam,lr,walk,0.1,0.5,14,2,0.5,5.5
0.5245882543899503,1e-05,0.9057943925233645,accuracy,rotterdam,lr,walk,0.1,0.5,24,1,0.5,5.0
0.5501209800896427,1e-05,0.9082242990654206,accuracy,rotterdam,lr,walk,0.1,1.0,5,3,0.5,4.0
0.5657026439067799,1e-05,0.908785046728972,accuracy,rotterdam,lr,walk,0.1,1.0,2,8,0.5,4.0
0.6238572092551637,1e-05,0.9089719626168224,accuracy,rotterdam,lr,walk,0.1,1.0,20,1,0.5,4.0
0.6545410872241533,1e-05,0.9114018691588784,accuracy,rotterdam,lr,walk,0.1,0.5,10,3,0.5,4.5
0.7178263407921204,1e-05,0.9117757009345794,accuracy,rotterdam,lr,walk,0.3,1.25,1,7,1.0,6.0
0.7312245098596684,1e-05,0.9147663551401869,accuracy,rotterdam,lr,walk,0.1,0.5,5,4,1.0,3.5
0.7621955211666803,1e-05,0.9170093457943925,accuracy,rotterdam,lr,walk,0.1,1.5,22,1,0.5,3.5
0.7921215344688879,1e-05,0.9173831775700935,accuracy,rotterdam,lr,walk,0.3,0.5,1,7,2.5,5.5
0.8055982271291646,1e-05,0.9194392523364486,accuracy,rotterdam,lr,walk,0.3,0.5,3,3,1.5,6.0
0.84144878325941,1e-05,0.922429906542056,accuracy,rotterdam,lr,walk,0.3,0.75,2,4,2.0,5.5
0.8459743656917973,1e-05,0.9237383177570093,accuracy,rotterdam,lr,walk,0.3,1.0,5,2,1.0,6.0
0.8841682367935241,1e-05,0.9239252336448598,accuracy,rotterdam,lr,walk,0.1,1.5,10,2,0.5,3
0.8880162521326496,1e-05,0.9242990654205607,accuracy,rotterdam,lr,walk,0.3,0.75,3,3,1.5,5.5
0.9212196480525177,1e-05,0.9327102803738317,accuracy,rotterdam,lr,walk,0.3,0.75,3,4,1.5,6.0
0.9895149059969266,1e-05,0.9328971962616822,accuracy,rotterdam,lr,walk,0.3,0.5,1,9,2.5,5.0
0.9904217079743449,1e-05,0.9349532710280374,accuracy,rotterdam,lr,walk,0.3,1.0,2,7,1.0,6.0
1.0146585244340112,1e-05,0.9379439252336449,accuracy,rotterdam,lr,walk,0.3,1.25,2,6,1.0,5.5
1.0235579788785267,1e-05,0.9386915887850468,accuracy,rotterdam,lr,walk,0.3,1.25,5,3,1.0,6.0
1.086255343102835,1e-05,0.9403738317757009,accuracy,rotterdam,lr,walk,0.3,0.75,17,1,1.0,6.0
1.1615993305077952,1e-05,0.942803738317757,accuracy,rotterdam,lr,walk,0.3,1.0,8,2,1,5.5
1.1740828272547459,1e-05,0.9444859813084112,accuracy,rotterdam,lr,walk,0.3,0.5,5,4,1.5,6.0
1.2292304561959837,1e-05,0.9446728971962617,accuracy,rotterdam,lr,walk,0.3,0.5,22,1,1.5,6.0
1.2443985828411805,1e-05,0.9465420560747664,accuracy,rotterdam,lr,walk,0.5,0.75,8,1,2.5,6
1.261129665699153,1e-05,0.9471028037383178,accuracy,rotterdam,lr,walk,0.3,0.5,19,1,1.5,5.5
1.2730051215549971,1e-05,0.9472897196261683,accuracy,rotterdam,lr,walk,0.3,0.75,4,3,1.5,4.5
1.282452291879666,1e-05,0.9493457943925233,accuracy,rotterdam,lr,walk,0.3,0.5,12,2,1.5,6.0
1.2918611791725754,1e-05,0.9508411214953271,accuracy,citbcmst,lr,walk,0.3,0.5,20,1,1.0,5.5
1.3528067038822655,1e-05,0.9508411214953271,accuracy,rotterdam,lr,walk,0.3,1.0,11,2,1,5.5
1.3670588792895308,1e-05,0.9519626168224299,accuracy,rotterdam,lr,walk,0.3,1.5,7,2,1,4.5
1.381590743078703,1e-05,0.9521495327102804,accuracy,rotterdam,lr,walk,0.3,0.5,23,1,1.5,5.5
1.3819228513035273,1e-05,0.9534579439252336,accuracy,rotterdam,lr,walk,0.3,1.5,28,1,0.5,6
1.4055787445086305,1e-05,0.9538317757009346,accuracy,citbcmst,lr,walk,0.3,0.75,29,1,0.5,6
1.4362616126759447,1e-05,0.9542056074766355,accuracy,rotterdam,lr,walk,0.3,1.25,5,4,1.0,5.0
1.4517283652157222,1e-05,0.9542056074766355,accuracy,rotterdam,lr,walk,0.5,1.0,11,1,1.5,6.0
1.4661284372176164,1e-05,0.9545794392523365,accuracy,rotterdam,lr,walk,0.3,0.5,26,1,1.5,5.5
1.4696982750931744,1e-05,0.9586915887850467,accuracy,citbcmst,lr,walk,0.3,1.25,21,1,0.5,5.0
1.5670502382946676,1e-05,0.9592523364485981,accuracy,rotterdam,lr,walk,0.3,0.75,24,1,1.0,5.0
1.5772836849543919,1e-05,0.959626168224299,accuracy,citbcmst,lr,walk,0.3,1.0,19,1,0.5,4.5
1.617016941061126,1e-05,0.9614953271028037,accuracy,rotterdam,lr,walk,0.3,1.25,4,5,1.0,4.5
1.6325078121793792,1e-05,0.9622429906542056,accuracy,citbcmst,lr,walk,0.5,1.5,2,7,0.5,6
1.6883970056029747,1e-05,0.9654205607476636,accuracy,rotterdam,lr,walk,0.3,0.75,14,2,1,5.0
1.7641430397266809,1e-05,0.9661682242990655,accuracy,citbcmst,lr,walk,0.3,0.75,12,2,0.5,4.5
1.7968371022204999,1e-05,0.9691588785046729,accuracy,citbcmst,lr,walk,0.5,0.75,17,1,1.0,6.0
1.8571658006312914,1e-05,0.9719626168224299,accuracy,citbcmst,lr,walk,0.5,0.5,3,5,1.5,5.5
1.9473837972074415,1e-05,0.9742056074766355,accuracy,citbcmst,lr,walk,0.5,1.5,10,2,0.5,6
2.0321093106177464,1e-05,0.9745794392523365,accuracy,citbcmst,lr,walk,0.5,0.75,2,9,1.0,5.5
2.086858184111812,1e-05,0.976822429906542,accuracy,citbcmst,lr,walk,0.5,1.25,19,1,0.5,5.5
2.1416070576058774,1e-05,0.9771962616822429,accuracy,citbcmst,lr,walk,0.5,0.5,2,10,1.0,5.5
2.2230494970941574,1e-05,0.9779439252336448,accuracy,citbcmst,lr,walk,0.5,1.0,26,1,0.5,6
2.2638236406693784,1e-05,0.9788785046728972,accuracy,citbcmst,lr,walk,0.5,1.0,27,1,0.5,6
2.3173173355477346,1e-05,0.9803738317757009,accuracy,citbcmst,lr,walk,0.5,1.25,19,1,0.5,5.0
2.344701772355897,1e-05,0.982803738317757,accuracy,citbcmst,lr,walk,0.5,1.25,12,2,0.5,5.5
2.5737558236840323,1e-05,0.9837383177570094,accuracy,citbcmst,lr,walk,0.7,0.5,5,3,1.5,5.5
2.6433764859290525,1e-05,0.9842990654205608,accuracy,citbcmst,lr,walk,0.7,1.25,19,1,0.5,6.0
2.6598707470054466,1e-05,0.9861682242990654,accuracy,citbcmst,lr,walk,0.7,1.5,8,2,0.5,5.5
2.850187353120184,1e-05,0.9861682242990654,accuracy,citbcmst,lr,walk,0.7,1.25,22,1,0.5,6.0
2.904538997434152,1e-05,0.9863551401869158,accuracy,citbcmst,lr,walk,0.7,1.25,19,1,0.5,5.5
2.9505218623298255,1e-05,0.9869158878504672,accuracy,citbcmst,lr,walk,0.7,0.5,4,4,1.5,5.0
3.044667686764342,1e-05,0.9872897196261682,accuracy,citbcmst,lr,walk,0.7,1.0,25,1,0.5,6
3.086256222788414,1e-05,0.9876635514018691,accuracy,citbcmst,lr,walk,0.9,1.0,11,1,1,5.0
3.0900287570786453,1e-05,0.9885981308411215,accuracy,citbcmst,lr,walk,0.9,0.75,8,2,1,6
3.276509593781151,1e-05,0.9889719626168224,accuracy,citbcmst,lr,walk,0.7,0.5,12,2,1,5.5
3.2874449164608315,1e-05,0.9910280373831776,accuracy,citbcmst,lr,walk,0.9,0.75,9,2,1,6
3.7157208395719215,1e-05,0.991588785046729,accuracy,citbcmst,lr,walk,0.7,1.5,4,5,0.5,4.5
4.010468490809133,1e-05,0.9919626168224299,accuracy,citbcmst,lr,walk,0.7,0.75,18,1,1.0,4.0
4.015668035219251,1e-05,0.9925233644859813,accuracy,citbcmst,lr,walk,0.9,1.5,11,2,0.5,5.5
4.451331583057621,1e-05,0.9925233644859813,accuracy,citbcmst,lr,walk,0.7,1.5,11,2,0.5,4.0
4.592605939165056,1e-05,0.9928971962616823,accuracy,citbcmst,lr,walk,0.7,1.5,15,2,0.5,4.5
4.749472818444941,1e-05,0.9930841121495327,accuracy,citbcmst,lr,walk,0.9,0.5,10,2,1.5,4.5
5.240916631735473,1e-05,0.9938317757009346,accuracy,citbcmst,lr,walk,0.7,1.25,15,2,0.5,4.0
5.879283593542611,1e-05,0.9942056074766356,accuracy,citbcmst,lr,walk,0.7,1.25,28,1,0.5,3.5
7.050848238280415,1e-05,0.9945794392523365,accuracy,citbcmst,lr,walk,0.9,0.75,18,1,1.0,3.0
7.473735335301274,1e-05,0.994766355140187,accuracy,citbcmst,lr,walk,0.9,0.5,10,2,2,3
10.225052865495904,1e-05,0.9949532710280374,accuracy,citbcmst,lr,walk,0.9,1.0,24,1,1,2.5
11.169159948348472,1e-05,0.9951401869158879,accuracy,citbcmst,lr,walk,0.9,0.75,28,1,1.5,2.5
11.430279121778444,1e-05,0.9951401869158879,accuracy,citbcmst,lr,walk,0.7,1.0,28,1,1.0,2
11.624031606276766,1e-05,0.9957009345794392,accuracy,citbcmst,lr,walk,0.9,0.5,15,2,2,2.5
21.848780857158694,1e-05,0.9958878504672897,accuracy,citbcmst,lr,walk,0.9,0.5,10,3,2,1.5
0.15917414646172054,0.0001,0.8904672897196262,accuracy,rotterdam,lr,walk,0.1,0.75,1,1,0.5,6.0
0.16564700681361327,0.0001,0.8910280373831776,accuracy,rotterdam,lr,walk,0.1,0.5,1,1,0.5,5.0
0.1697944159560833,0.0001,0.8957009345794392,accuracy,rotterdam,lr,walk,0.1,0.5,2,1,0.5,6.0
0.1719989055518258,0.0001,0.8958878504672897,accuracy,rotterdam,lr,walk,0.1,1.0,1,1,0.5,4.5
0.1827401366598688,0.0001,0.8962616822429906,accuracy,rotterdam,lr,walk,0.1,0.5,1,2,0.5,5.0
0.1851625103038988,0.0001,0.8962616822429906,accuracy,rotterdam,lr,walk,0.1,0.75,1,1,0.5,4.0
0.18822870978798395,0.0001,0.8964485981308411,accuracy,rotterdam,lr,walk,0.1,0.5,1,3,0.5,5.5
0.19103495494480882,0.0001,0.8977570093457944,accuracy,rotterdam,lr,walk,0.1,0.5,1,4,0.5,6.0
0.21227549393353434,0.0001,0.8981308411214953,accuracy,rotterdam,lr,walk,0.1,0.5,3,2,0.5,6.0
0.2850580413370643,0.0001,0.8983177570093458,accuracy,rotterdam,lr,walk,0.1,0.5,2,3,0.5,4.5
0.3326393375036033,0.0001,0.8996261682242991,accuracy,rotterdam,lr,walk,0.1,0.5,3,6,0.5,6.0
0.37494072625290853,0.0001,0.9005607476635514,accuracy,rotterdam,lr,walk,0.1,0.5,15,1,0.5,5.0
0.3968369902784151,0.0001,0.9009345794392524,accuracy,rotterdam,lr,walk,0.1,0.75,13,1,0.5,4.5
0.4229410625342115,0.0001,0.9013084112149533,accuracy,rotterdam,lr,walk,0.1,0.75,3,5,0.5,4.5
0.45014285203712967,0.0001,0.9029906542056074,accuracy,rotterdam,lr,walk,0.1,0.5,14,2,0.5,5.5
0.46525460767866506,0.0001,0.9057943925233645,accuracy,rotterdam,lr,walk,0.1,0.5,24,1,0.5,5.0
0.48506705535037786,0.0001,0.9082242990654206,accuracy,rotterdam,lr,walk,0.1,1.0,5,3,0.5,4.0
0.49908576740413096,0.0001,0.908785046728972,accuracy,rotterdam,lr,walk,0.1,1.0,2,8,0.5,4.0
0.5514100640921396,0.0001,0.9089719626168224,accuracy,rotterdam,lr,walk,0.1,1.0,20,1,0.5,4.0
0.5807061334097929,0.0001,0.9114018691588784,accuracy,rotterdam,lr,walk,0.1,0.5,10,3,0.5,4.5
0.6360520576971447,0.0001,0.9117757009345794,accuracy,rotterdam,lr,walk,0.3,1.25,1,7,1.0,6.0
0.6451169276775335,0.0001,0.9147663551401869,accuracy,rotterdam,lr,walk,0.1,0.5,5,4,1.0,3.5
0.6729520253681343,0.0001,0.9170093457943925,accuracy,rotterdam,lr,walk,0.1,1.5,22,1,0.5,3.5
0.7013394233855517,0.0001,0.9173831775700935,accuracy,rotterdam,lr,walk,0.3,0.5,1,7,2.5,5.5
0.714899997424743,0.0001,0.9194392523364486,accuracy,rotterdam,lr,walk,0.3,0.5,3,3,1.5,6.0
0.7457398838390942,0.0001,0.922429906542056,accuracy,rotterdam,lr,walk,0.3,0.75,2,4,2.0,5.5
0.7511106686704948,0.0001,0.9237383177570093,accuracy,rotterdam,lr,walk,0.3,1.0,5,2,1.0,6.0
0.7776186824249331,0.0001,0.9239252336448598,accuracy,rotterdam,lr,walk,0.1,1.5,10,2,0.5,3
0.7876096177918379,0.0001,0.9242990654205607,accuracy,rotterdam,lr,walk,0.3,0.75,3,3,1.5,5.5
0.8188463831028214,0.0001,0.9327102803738317,accuracy,rotterdam,lr,walk,0.3,0.75,3,4,1.5,6.0
0.8770767311567602,0.0001,0.9328971962616822,accuracy,rotterdam,lr,walk,0.3,0.5,1,9,2.5,5.0
0.8810186055376638,0.0001,0.9349532710280374,accuracy,rotterdam,lr,walk,0.3,1.0,2,7,1.0,6.0
0.9014966701570839,0.0001,0.9379439252336449,accuracy,rotterdam,lr,walk,0.3,1.25,2,6,1.0,5.5
0.9108592927172969,0.0001,0.9386915887850468,accuracy,rotterdam,lr,walk,0.3,1.25,5,3,1.0,6.0
0.9673037244316998,0.0001,0.9403738317757009,accuracy,rotterdam,lr,walk,0.3,0.75,17,1,1.0,6.0
1.03348894333806,0.0001,0.942803738317757,accuracy,rotterdam,lr,walk,0.3,1.0,8,2,1,5.5
1.0461358795762505,0.0001,0.9444859813084112,accuracy,rotterdam,lr,walk,0.3,0.5,5,4,1.5,6.0
1.0960759237607807,0.0001,0.9446728971962617,accuracy,rotterdam,lr,walk,0.3,0.5,22,1,1.5,6.0
1.1084310959244021,0.0001,0.9465420560747664,accuracy,rotterdam,lr,walk,0.5,0.75,8,1,2.5,6
1.1225430179808247,0.0001,0.9471028037383178,accuracy,rotterdam,lr,walk,0.3,0.5,19,1,1.5,5.5
1.1293830872126076,0.0001,0.9472897196261683,accuracy,rotterdam,lr,walk,0.3,0.75,4,3,1.5,4.5
1.1433877101709868,0.0001,0.9493457943925233,accuracy,rotterdam,lr,walk,0.3,0.5,12,2,1.5,6.0
1.1513270571772622,0.0001,0.9508411214953271,accuracy,citbcmst,lr,walk,0.3,0.5,20,1,1.0,5.5
1.2051458300611517,0.0001,0.9508411214953271,accuracy,rotterdam,lr,walk,0.3,1.0,11,2,1,5.5
1.2141470406354324,0.0001,0.9519626168224299,accuracy,rotterdam,lr,walk,0.3,1.5,7,2,1,4.5
1.2320150636337004,0.0001,0.9521495327102804,accuracy,rotterdam,lr,walk,0.3,0.5,23,1,1.5,5.5
1.233258005244081,0.0001,0.9534579439252336,accuracy,rotterdam,lr,walk,0.3,1.5,28,1,0.5,6
1.2551657176958126,0.0001,0.9538317757009346,accuracy,citbcmst,lr,walk,0.3,0.75,29,1,0.5,6
1.2784634712813414,0.0001,0.9542056074766355,accuracy,rotterdam,lr,walk,0.3,1.25,5,4,1.0,5.0
1.2944325926970328,0.0001,0.9542056074766355,accuracy,rotterdam,lr,walk,0.5,1.0,11,1,1.5,6.0
1.3075211449746202,0.0001,0.9545794392523365,accuracy,rotterdam,lr,walk,0.3,0.5,26,1,1.5,5.5
1.3094925720883506,0.0001,0.9586915887850467,accuracy,citbcmst,lr,walk,0.3,1.25,21,1,0.5,5.0
1.3965911675938893,0.0001,0.9592523364485981,accuracy,rotterdam,lr,walk,0.3,0.75,24,1,1.0,5.0
1.403993320209885,0.0001,0.959626168224299,accuracy,citbcmst,lr,walk,0.3,1.0,19,1,0.5,4.5
1.4387220303934374,0.0001,0.9614953271028037,accuracy,rotterdam,lr,walk,0.3,1.25,4,5,1.0,4.5
1.4589103276839044,0.0001,0.9622429906542056,accuracy,citbcmst,lr,walk,0.5,1.5,2,7,0.5,6
1.505623240022571,0.0001,0.9654205607476636,accuracy,rotterdam,lr,walk,0.3,0.75,14,2,1,5.0
1.5715105888267995,0.0001,0.9661682242990655,accuracy,citbcmst,lr,walk,0.3,0.75,12,2,0.5,4.5
1.606692102507857,0.0001,0.9691588785046729,accuracy,citbcmst,lr,walk,0.5,0.75,17,1,1.0,6.0
1.6585367725906364,0.0001,0.9719626168224299,accuracy,citbcmst,lr,walk,0.5,0.5,3,5,1.5,5.5
1.742466531742246,0.0001,0.9742056074766355,accuracy,citbcmst,lr,walk,0.5,1.5,10,2,0.5,6
1.8166882709262584,0.0001,0.9745794392523365,accuracy,citbcmst,lr,walk,0.5,0.75,2,9,1.0,5.5
1.8659299853493434,0.0001,0.976822429906542,accuracy,citbcmst,lr,walk,0.5,1.25,19,1,0.5,5.5
1.9145586840718987,0.0001,0.9771962616822429,accuracy,citbcmst,lr,walk,0.5,0.5,2,10,1.0,5.5
1.987582644538291,0.0001,0.9779439252336448,accuracy,citbcmst,lr,walk,0.5,1.0,26,1,0.5,6
2.0260020710750943,0.0001,0.9788785046728972,accuracy,citbcmst,lr,walk,0.5,1.0,27,1,0.5,6
2.070135789327334,0.0001,0.9798130841121495,accuracy,citbcmst,lr,walk,0.5,1.5,3,5,0.5,4.5
2.0719599078029836,0.0001,0.9803738317757009,accuracy,citbcmst,lr,walk,0.5,1.25,19,1,0.5,5.0
2.098737158595101,0.0001,0.982803738317757,accuracy,citbcmst,lr,walk,0.5,1.25,12,2,0.5,5.5
2.307836211664921,0.0001,0.9837383177570094,accuracy,citbcmst,lr,walk,0.7,0.5,5,3,1.5,5.5
2.3719797161623206,0.0001,0.9842990654205608,accuracy,citbcmst,lr,walk,0.7,1.25,19,1,0.5,6.0
2.385718598903299,0.0001,0.9861682242990654,accuracy,citbcmst,lr,walk,0.7,1.5,8,2,0.5,5.5
2.5590776793888814,0.0001,0.9861682242990654,accuracy,citbcmst,lr,walk,0.7,1.25,22,1,0.5,6.0
2.607046037388354,0.0001,0.9863551401869158,accuracy,citbcmst,lr,walk,0.7,1.25,19,1,0.5,5.5
2.647138193218967,0.0001,0.9869158878504672,accuracy,citbcmst,lr,walk,0.7,0.5,4,4,1.5,5.0
2.735197006007329,0.0001,0.9872897196261682,accuracy,citbcmst,lr,walk,0.7,1.0,25,1,0.5,6
2.7759078461635696,0.0001,0.9876635514018691,accuracy,citbcmst,lr,walk,0.9,1.0,11,1,1,5.0
2.7803578151750115,0.0001,0.9885981308411215,accuracy,citbcmst,lr,walk,0.9,0.75,8,2,1,6
2.944077791261778,0.0001,0.9889719626168224,accuracy,citbcmst,lr,walk,0.7,0.5,12,2,1,5.5
2.956090056023008,0.0001,0.9895327102803738,accuracy,citbcmst,lr,walk,0.7,1.0,29,1,0.5,6
2.9593465329722286,0.0001,0.9910280373831776,accuracy,citbcmst,lr,walk,0.9,0.75,9,2,1,6
3.338589345794791,0.0001,0.991588785046729,accuracy,citbcmst,lr,walk,0.7,1.5,4,5,0.5,4.5
3.603234509151622,0.0001,0.9919626168224299,accuracy,citbcmst,lr,walk,0.7,0.75,18,1,1.0,4.0
3.6198483970920146,0.0001,0.9925233644859813,accuracy,citbcmst,lr,walk,0.9,1.5,11,2,0.5,5.5
4.003980527287198,0.0001,0.9925233644859813,accuracy,citbcmst,lr,walk,0.7,1.5,11,2,0.5,4.0
4.135658576662292,0.0001,0.9928971962616823,accuracy,citbcmst,lr,walk,0.7,1.5,15,2,0.5,4.5
4.2859632052032435,0.0001,0.9930841121495327,accuracy,citbcmst,lr,walk,0.9,0.5,10,2,1.5,4.5
4.722975425707365,0.0001,0.9938317757009346,accuracy,citbcmst,lr,walk,0.7,1.25,15,2,0.5,4.0
5.30102737406871,0.0001,0.9942056074766356,accuracy,citbcmst,lr,walk,0.7,1.25,28,1,0.5,3.5
6.383454500895596,0.0001,0.9945794392523365,accuracy,citbcmst,lr,walk,0.9,0.75,18,1,1.0,3.0
6.7705290560602585,0.0001,0.994766355140187,accuracy,citbcmst,lr,walk,0.9,0.5,10,2,2,3
9.299225285021413,0.0001,0.9949532710280374,accuracy,citbcmst,lr,walk,0.9,1.0,24,1,1,2.5
10.169190959013921,0.0001,0.9951401869158879,accuracy,citbcmst,lr,walk,0.9,0.75,28,1,1.5,2.5
10.359735046480335,0.0001,0.9951401869158879,accuracy,citbcmst,lr,walk,0.7,1.0,28,1,1.0,2
10.5879226491276,0.0001,0.9957009345794392,accuracy,citbcmst,lr,walk,0.9,0.5,15,2,2,2.5
20.08977207715849,0.0001,0.9958878504672897,accuracy,citbcmst,lr,walk,0.9,0.5,10,3,2,1.5
0.14439526368955674,0.00025,0.8904672897196262,accuracy,rotterdam,lr,walk,0.1,0.75,1,1,0.5,6.0
0.15086812404144948,0.00025,0.8910280373831776,accuracy,rotterdam,lr,walk,0.1,0.5,1,1,0.5,5.0
0.1550155331839195,0.00025,0.8957009345794392,accuracy,rotterdam,lr,walk,0.1,0.5,2,1,0.5,6.0
0.157220022779662,0.00025,0.8958878504672897,accuracy,rotterdam,lr,walk,0.1,1.0,1,1,0.5,4.5
0.167961253887705,0.00025,0.8962616822429906,accuracy,rotterdam,lr,walk,0.1,0.5,1,2,0.5,5.0
0.170383627531735,0.00025,0.8962616822429906,accuracy,rotterdam,lr,walk,0.1,0.75,1,1,0.5,4.0
0.17344982701582015,0.00025,0.8964485981308411,accuracy,rotterdam,lr,walk,0.1,0.5,1,3,0.5,5.5
0.17625607217264502,0.00025,0.8977570093457944,accuracy,rotterdam,lr,walk,0.1,0.5,1,4,0.5,6.0
0.19749661116137057,0.00025,0.8981308411214953,accuracy,rotterdam,lr,walk,0.1,0.5,3,2,0.5,6.0
0.26806743707654884,0.00025,0.8983177570093458,accuracy,rotterdam,lr,walk,0.1,0.5,2,3,0.5,4.5
0.31456367301147625,0.00025,0.8996261682242991,accuracy,rotterdam,lr,walk,0.1,0.5,3,6,0.5,6.0
0.3541045736042939,0.00025,0.9005607476635514,accuracy,rotterdam,lr,walk,0.1,0.5,15,1,0.5,5.0
0.37437283710879243,0.00025,0.9009345794392524,accuracy,rotterdam,lr,walk,0.1,0.75,13,1,0.5,4.5
0.3991883823540904,0.00025,0.9013084112149533,accuracy,rotterdam,lr,walk,0.1,0.75,3,5,0.5,4.5
0.4259264046176199,0.00025,0.9029906542056074,accuracy,rotterdam,lr,walk,0.1,0.5,14,2,0.5,5.5
0.4399831774671634,0.00025,0.9057943925233645,accuracy,rotterdam,lr,walk,0.1,0.5,24,1,0.5,5.0
0.45757034758908055,0.00025,0.9082242990654206,accuracy,rotterdam,lr,walk,0.1,1.0,5,3,0.5,4.0
0.47086586391846263,0.00025,0.908785046728972,accuracy,rotterdam,lr,walk,0.1,1.0,2,8,0.5,4.0
0.5205735883748946,0.00025,0.9089719626168224,accuracy,rotterdam,lr,walk,0.1,1.0,20,1,0.5,4.0
0.5492611157210262,0.00025,0.9114018691588784,accuracy,rotterdam,lr,walk,0.1,0.5,10,3,0.5,4.5
0.6012797741911406,0.00025,0.9117757009345794,accuracy,rotterdam,lr,walk,0.3,1.25,1,7,1.0,6.0
0.6086150860487056,0.00025,0.9147663551401869,accuracy,rotterdam,lr,walk,0.1,0.5,5,4,1.0,3.5
0.6350888387249953,0.00025,0.9170093457943925,accuracy,rotterdam,lr,walk,0.1,1.5,22,1,0.5,3.5
0.6627398685602017,0.00025,0.9173831775700935,accuracy,rotterdam,lr,walk,0.3,0.5,1,7,2.5,5.5
0.6762058324696829,0.00025,0.9194392523364486,accuracy,rotterdam,lr,walk,0.3,0.5,3,3,1.5,6.0
0.704964729881173,0.00025,0.922429906542056,accuracy,rotterdam,lr,walk,0.3,0.75,2,4,2.0,5.5
0.7106500521626038,0.00025,0.9237383177570093,accuracy,rotterdam,lr,walk,0.3,1.0,5,2,1.0,6.0
0.7327685666594053,0.00025,0.9239252336448598,accuracy,rotterdam,lr,walk,0.1,1.5,10,2,0.5,3
0.7447727286290491,0.00025,0.9242990654205607,accuracy,rotterdam,lr,walk,0.3,0.75,3,3,1.5,5.5
0.7751324136669768,0.00025,0.9327102803738317,accuracy,rotterdam,lr,walk,0.3,0.75,3,4,1.5,6.0
0.8289273798895032,0.00025,0.9328971962616822,accuracy,rotterdam,lr,walk,0.3,0.5,1,9,2.5,5.0
0.8342264956374205,0.00025,0.9349532710280374,accuracy,rotterdam,lr,walk,0.3,1.0,2,7,1.0,6.0
0.8532708421637073,0.00025,0.9379439252336449,accuracy,rotterdam,lr,walk,0.3,1.25,2,6,1.0,5.5
0.8626334647239203,0.00025,0.9386915887850468,accuracy,rotterdam,lr,walk,0.3,1.25,5,3,1.0,6.0
0.9163986837720246,0.00025,0.9403738317757009,accuracy,rotterdam,lr,walk,0.3,0.75,17,1,1.0,6.0
0.9789227296493775,0.00025,0.942803738317757,accuracy,rotterdam,lr,walk,0.3,1.0,8,2,1,5.5
0.9914959666084395,0.00025,0.9444859813084112,accuracy,rotterdam,lr,walk,0.3,0.5,5,4,1.5,6.0
1.038807753018646,0.00025,0.9446728971962617,accuracy,rotterdam,lr,walk,0.3,0.5,22,1,1.5,6.0
1.0505366433166494,0.00025,0.9465420560747664,accuracy,rotterdam,lr,walk,0.5,0.75,8,1,2.5,6
1.0634520805518952,0.00025,0.9471028037383178,accuracy,rotterdam,lr,walk,0.3,0.5,19,1,1.5,5.5
1.0682970384209973,0.00025,0.9472897196261683,accuracy,rotterdam,lr,walk,0.3,0.75,4,3,1.5,4.5
1.083709768769756,0.00025,0.9493457943925233,accuracy,rotterdam,lr,walk,0.3,0.5,12,2,1.5,6.0
1.0903213141244439,0.00025,0.9508411214953271,accuracy,citbcmst,lr,walk,0.3,0.5,20,1,1.0,5.5
1.1421272393169224,0.00025,0.9508411214953271,accuracy,rotterdam,lr,walk,0.3,1.0,11,2,1,5.5
1.1486977026444216,0.00025,0.9519626168224299,accuracy,rotterdam,lr,walk,0.3,1.5,7,2,1,4.5
1.167113381233594,0.00025,0.9521495327102804,accuracy,rotterdam,lr,walk,0.3,0.5,23,1,1.5,5.5
1.1691203706511928,0.00025,0.9534579439252336,accuracy,rotterdam,lr,walk,0.3,1.5,28,1,0.5,6
1.1897163797048016,0.00025,0.9538317757009346,accuracy,citbcmst,lr,walk,0.3,0.75,29,1,0.5,6
1.2114233573632571,0.00025,0.9542056074766355,accuracy,rotterdam,lr,walk,0.3,1.25,5,4,1.0,5.0
1.2276215809257622,0.00025,0.9542056074766355,accuracy,rotterdam,lr,walk,0.5,1.0,11,1,1.5,6.0
1.2394838734460047,0.00025,0.9545794392523365,accuracy,rotterdam,lr,walk,0.3,0.5,26,1,1.5,5.5
1.2400943343079507,0.00025,0.9586915887850467,accuracy,citbcmst,lr,walk,0.3,1.25,21,1,0.5,5.0
1.3238235539343122,0.00025,0.9592523364485981,accuracy,rotterdam,lr,walk,0.3,0.75,24,1,1.0,5.0
1.3288047861008199,0.00025,0.959626168224299,accuracy,citbcmst,lr,walk,0.3,1.0,19,1,0.5,4.5
1.3623644694039245,0.00025,0.9614953271028037,accuracy,rotterdam,lr,walk,0.3,1.25,4,5,1.0,4.5
1.3827521425971148,0.00025,0.9622429906542056,accuracy,citbcmst,lr,walk,0.5,1.5,2,7,0.5,6
1.4286950519568464,0.00025,0.9654205607476636,accuracy,rotterdam,lr,walk,0.3,0.75,14,2,1,5.0
1.4882114313836947,0.00025,0.9661682242990655,accuracy,citbcmst,lr,walk,0.3,0.75,12,2,0.5,4.5
1.5233929450647523,0.00025,0.9691588785046729,accuracy,citbcmst,lr,walk,0.5,0.75,17,1,1.0,6.0
1.5752376151475316,0.00025,0.9719626168224299,accuracy,citbcmst,lr,walk,0.5,0.5,3,5,1.5,5.5
1.6532656634339213,0.00025,0.9742056074766355,accuracy,citbcmst,lr,walk,0.5,1.5,10,2,0.5,6
1.7235918162135193,0.00025,0.9745794392523365,accuracy,citbcmst,lr,walk,0.5,0.75,2,9,1.0,5.5
1.7710494611593335,0.00025,0.976822429906542,accuracy,citbcmst,lr,walk,0.5,1.25,19,1,0.5,5.5
1.8173842729465468,0.00025,0.9771962616822429,accuracy,citbcmst,lr,walk,0.5,0.5,2,10,1.0,5.5
1.8876908508386918,0.00025,0.9779439252336448,accuracy,citbcmst,lr,walk,0.5,1.0,26,1,0.5,6
1.924292250112219,0.00025,0.9788785046728972,accuracy,citbcmst,lr,walk,0.5,1.0,27,1,0.5,6
1.9637781813006745,0.00025,0.9798130841121495,accuracy,citbcmst,lr,walk,0.5,1.5,3,5,0.5,4.5
1.9666449555632104,0.00025,0.9803738317757009,accuracy,citbcmst,lr,walk,0.5,1.25,19,1,0.5,5.0
1.993045181550896,0.00025,0.982803738317757,accuracy,citbcmst,lr,walk,0.5,1.25,12,2,0.5,5.5
2.1933372707146983,0.00025,0.9837383177570094,accuracy,citbcmst,lr,walk,0.7,0.5,5,3,1.5,5.5
2.255049922037563,0.00025,0.9842990654205608,accuracy,citbcmst,lr,walk,0.7,1.25,19,1,0.5,6.0
2.267635192795053,0.00025,0.9861682242990654,accuracy,citbcmst,lr,walk,0.7,1.5,8,2,0.5,5.5
2.433626970825318,0.00025,0.9861682242990654,accuracy,citbcmst,lr,walk,0.7,1.25,22,1,0.5,6.0
2.4789100020249766,0.00025,0.9863551401869158,accuracy,citbcmst,lr,walk,0.7,1.25,19,1,0.5,5.5
2.5165813932239973,0.00025,0.9869158878504672,accuracy,citbcmst,lr,walk,0.7,0.5,4,4,1.5,5.0
2.60174309475945,0.00025,0.9872897196261682,accuracy,citbcmst,lr,walk,0.7,1.0,25,1,0.5,6
2.641957659981721,0.00025,0.9876635514018691,accuracy,citbcmst,lr,walk,0.9,1.0,11,1,1,5.0
2.646614645631939,0.00025,0.9885981308411215,accuracy,citbcmst,lr,walk,0.9,0.75,8,2,1,6
2.8007696545174965,0.00025,0.9889719626168224,accuracy,citbcmst,lr,walk,0.7,0.5,12,2,1,5.5
2.8127638458136683,0.00025,0.9895327102803738,accuracy,citbcmst,lr,walk,0.7,1.0,29,1,0.5,6
2.8175809771116693,0.00025,0.9910280373831776,accuracy,citbcmst,lr,walk,0.9,0.75,9,2,1,6
3.176228799942609,0.00025,0.991588785046729,accuracy,citbcmst,lr,walk,0.7,1.5,4,5,0.5,4.5
3.4279421473323985,0.00025,0.9919626168224299,accuracy,citbcmst,lr,walk,0.7,0.75,18,1,1.0,4.0
3.4489336704579783,0.00025,0.9925233644859813,accuracy,citbcmst,lr,walk,0.9,1.5,11,2,0.5,5.5
3.811532117551754,0.00025,0.9925233644859813,accuracy,citbcmst,lr,walk,0.7,1.5,11,2,0.5,4.0
3.9388166708288317,0.00025,0.9928971962616823,accuracy,citbcmst,lr,walk,0.7,1.5,15,2,0.5,4.5
4.086003493842551,0.00025,0.9930841121495327,accuracy,citbcmst,lr,walk,0.9,0.5,10,2,1.5,4.5
4.4999306190659585,0.00025,0.9938317757009346,accuracy,citbcmst,lr,walk,0.7,1.25,15,2,0.5,4.0
5.051978394530298,0.00025,0.9942056074766356,accuracy,citbcmst,lr,walk,0.7,1.25,28,1,0.5,3.5
6.095006248945673,0.00025,0.9945794392523365,accuracy,citbcmst,lr,walk,0.9,0.75,18,1,1.0,3.0
6.467900222314697,0.00025,0.994766355140187,accuracy,citbcmst,lr,walk,0.9,0.5,10,2,2,3
8.898027656353303,0.00025,0.9949532710280374,accuracy,citbcmst,lr,walk,0.9,1.0,24,1,1,2.5
9.7381239770862,0.00025,0.9951401869158879,accuracy,citbcmst,lr,walk,0.9,0.75,28,1,1.5,2.5
9.90043067175209,0.00025,0.9951401869158879,accuracy,citbcmst,lr,walk,0.7,1.0,28,1,1.0,2
10.141560882966447,0.00025,0.9957009345794392,accuracy,citbcmst,lr,walk,0.9,0.5,15,2,2,2.5
19.326196467263358,0.00025,0.9958878504672897,accuracy,citbcmst,lr,walk,0.9,0.5,10,3,2,1.5
0.13321547045471893,0.0005,0.8904672897196262,accuracy,rotterdam,lr,walk,0.1,0.75,1,1,0.5,6.0
0.13968833080661167,0.0005,0.8910280373831776,accuracy,rotterdam,lr,walk,0.1,0.5,1,1,0.5,5.0
0.1438357399490817,0.0005,0.8957009345794392,accuracy,rotterdam,lr,walk,0.1,0.5,2,1,0.5,6.0
0.14604022954482418,0.0005,0.8958878504672897,accuracy,rotterdam,lr,walk,0.1,1.0,1,1,0.5,4.5
0.1567814606528672,0.0005,0.8962616822429906,accuracy,rotterdam,lr,walk,0.1,0.5,1,2,0.5,5.0
0.1592038342968972,0.0005,0.8962616822429906,accuracy,rotterdam,lr,walk,0.1,0.75,1,1,0.5,4.0
0.16227003378098234,0.0005,0.8964485981308411,accuracy,rotterdam,lr,walk,0.1,0.5,1,3,0.5,5.5
0.1650762789378072,0.0005,0.8977570093457944,accuracy,rotterdam,lr,walk,0.1,0.5,1,4,0.5,6.0
0.18631681792653276,0.0005,0.8981308411214953,accuracy,rotterdam,lr,walk,0.1,0.5,3,2,0.5,6.0
0.254808705356563,0.0005,0.8983177570093458,accuracy,rotterdam,lr,walk,0.1,0.5,2,3,0.5,4.5
0.29802705911946026,0.0005,0.8996261682242991,accuracy,rotterdam,lr,walk,0.1,1.0,4,1,0.5,3.5
0.3002920691157306,0.0005,0.8996261682242991,accuracy,rotterdam,lr,walk,0.1,0.5,3,6,0.5,6.0
0.3377430114579728,0.0005,0.9005607476635514,accuracy,rotterdam,lr,walk,0.1,0.5,15,1,0.5,5.0
0.35676962523467703,0.0005,0.9009345794392524,accuracy,rotterdam,lr,walk,0.1,0.75,13,1,0.5,4.5
0.3805808821806177,0.0005,0.9013084112149533,accuracy,rotterdam,lr,walk,0.1,0.75,3,5,0.5,4.5
0.4068614998198379,0.0005,0.9029906542056074,accuracy,rotterdam,lr,walk,0.1,0.5,14,2,0.5,5.5
0.4200066731504897,0.0005,0.9057943925233645,accuracy,rotterdam,lr,walk,0.1,0.5,24,1,0.5,5.0
0.43597521373438475,0.0005,0.9082242990654206,accuracy,rotterdam,lr,walk,0.1,1.0,5,3,0.5,4.0
0.44871397707158917,0.0005,0.908785046728972,accuracy,rotterdam,lr,walk,0.1,1.0,2,8,0.5,4.0
0.49637825684938486,0.0005,0.9089719626168224,accuracy,rotterdam,lr,walk,0.1,1.0,20,1,0.5,4.0
0.5244242411739608,0.0005,0.9114018691588784,accuracy,rotterdam,lr,walk,0.1,0.5,10,3,0.5,4.5
0.5738562413467749,0.0005,0.9117757009345794,accuracy,rotterdam,lr,walk,0.3,1.25,1,7,1.0,6.0
0.5798892119240209,0.0005,0.9147663551401869,accuracy,rotterdam,lr,walk,0.1,0.5,5,4,1.0,3.5
0.605309696736249,0.0005,0.9170093457943925,accuracy,rotterdam,lr,walk,0.1,1.5,22,1,0.5,3.5
0.6324627306666086,0.0005,0.9173831775700935,accuracy,rotterdam,lr,walk,0.3,0.5,1,7,2.5,5.5
0.6457785825577187,0.0005,0.9194392523364486,accuracy,rotterdam,lr,walk,0.3,0.5,3,3,1.5,6.0
0.6728970551573692,0.0005,0.922429906542056,accuracy,rotterdam,lr,walk,0.3,0.75,2,4,2.0,5.5
0.6788300247870462,0.0005,0.9237383177570093,accuracy,rotterdam,lr,walk,0.3,1.0,5,2,1.0,6.0
0.6979369340557334,0.0005,0.9239252336448598,accuracy,rotterdam,lr,walk,0.1,1.5,10,2,0.5,3
0.7110662029981227,0.0005,0.9242990654205607,accuracy,rotterdam,lr,walk,0.3,0.75,3,3,1.5,5.5
0.7404750546389796,0.0005,0.9327102803738317,accuracy,rotterdam,lr,walk,0.3,0.75,3,4,1.5,6.0
0.7910472356877867,0.0005,0.9328971962616822,accuracy,rotterdam,lr,walk,0.3,0.5,1,9,2.5,5.0
0.7974873044488144,0.0005,0.9349532710280374,accuracy,rotterdam,lr,walk,0.3,1.0,2,7,1.0,6.0
0.8148241812949311,0.0005,0.9379439252336449,accuracy,rotterdam,lr,walk,0.3,1.25,2,6,1.0,5.5
0.8242883719906262,0.0005,0.9386915887850468,accuracy,rotterdam,lr,walk,0.3,1.25,5,3,1.0,6.0
0.8758103884258321,0.0005,0.9403738317757009,accuracy,rotterdam,lr,walk,0.3,0.75,17,1,1.0,6.0
0.935601030864381,0.0005,0.942803738317757,accuracy,rotterdam,lr,walk,0.3,1.0,8,2,1,5.5
0.948174267823443,0.0005,0.9444859813084112,accuracy,rotterdam,lr,walk,0.3,0.5,5,4,1.5,6.0
0.9932688628910691,0.0005,0.9446728971962617,accuracy,rotterdam,lr,walk,0.3,0.5,22,1,1.5,6.0
1.0043268312793197,0.0005,0.9465420560747664,accuracy,rotterdam,lr,walk,0.5,0.75,8,1,2.5,6
1.0172422685145652,0.0005,0.9471028037383178,accuracy,rotterdam,lr,walk,0.3,0.5,19,1,1.5,5.5
1.0197206775338143,0.0005,0.9472897196261683,accuracy,rotterdam,lr,walk,0.3,0.75,4,3,1.5,4.5
1.0372258215396184,0.0005,0.9493457943925233,accuracy,rotterdam,lr,walk,0.3,0.5,12,2,1.5,6.0
1.0426444425864398,0.0005,0.9508411214953271,accuracy,citbcmst,lr,walk,0.3,0.5,20,1,1.0,5.5
1.0926167264197835,0.0005,0.9508411214953271,accuracy,rotterdam,lr,walk,0.3,1.0,11,2,1,5.5
1.0971626145823161,0.0005,0.9519626168224299,accuracy,rotterdam,lr,walk,0.3,1.5,7,2,1,4.5
1.116763314751784,0.0005,0.9521495327102804,accuracy,rotterdam,lr,walk,0.3,0.5,23,1,1.5,5.5
1.1193948393475002,0.0005,0.9534579439252336,accuracy,rotterdam,lr,walk,0.3,1.5,28,1,0.5,6
1.1384916263034763,0.0005,0.9538317757009346,accuracy,citbcmst,lr,walk,0.3,0.75,29,1,0.5,6
1.1581043434740308,0.0005,0.9542056074766355,accuracy,rotterdam,lr,walk,0.3,1.25,5,4,1.0,5.0
1.1743025670365355,0.0005,0.9542056074766355,accuracy,rotterdam,lr,walk,0.5,1.0,11,1,1.5,6.0
1.1861648595567784,0.0005,0.9545794392523365,accuracy,rotterdam,lr,walk,0.3,0.5,26,1,1.5,5.5
1.1867753204187241,0.0005,0.9586915887850467,accuracy,citbcmst,lr,walk,0.3,1.25,21,1,0.5,5.0
1.26606128888765,0.0005,0.9592523364485981,accuracy,rotterdam,lr,walk,0.3,0.75,24,1,1.0,5.0
1.2710425210541578,0.0005,0.959626168224299,accuracy,citbcmst,lr,walk,0.3,1.0,19,1,0.5,4.5
1.302830231558266,0.0005,0.9614953271028037,accuracy,rotterdam,lr,walk,0.3,1.25,4,5,1.0,4.5
1.3246051357794593,0.0005,0.9622429906542056,accuracy,citbcmst,lr,walk,0.5,1.5,2,7,0.5,6
1.3656816719059424,0.0005,0.9654205607476636,accuracy,rotterdam,lr,walk,0.3,0.75,14,2,1,5.0
1.4251980513327904,0.0005,0.9661682242990655,accuracy,citbcmst,lr,walk,0.3,0.75,12,2,0.5,4.5
1.4603795650138482,0.0005,0.9691588785046729,accuracy,citbcmst,lr,walk,0.5,0.75,17,1,1.0,6.0
1.5063936415525483,0.0005,0.9719626168224299,accuracy,citbcmst,lr,walk,0.5,0.5,3,5,1.5,5.5
1.5829319804596746,0.0005,0.9742056074766355,accuracy,citbcmst,lr,walk,0.5,1.5,10,2,0.5,6
1.6503941735806285,0.0005,0.9745794392523365,accuracy,citbcmst,lr,walk,0.5,0.75,2,9,1.0,5.5
1.6960332574065617,0.0005,0.976822429906542,accuracy,citbcmst,lr,walk,0.5,1.25,19,1,0.5,5.5
1.7405626011315072,0.0005,0.9771962616822429,accuracy,citbcmst,lr,walk,0.5,0.5,2,10,1.0,5.5
1.8085935083956628,0.0005,0.9779439252336448,accuracy,citbcmst,lr,walk,0.5,1.0,26,1,0.5,6
1.8438168181792722,0.0005,0.9788785046728972,accuracy,citbcmst,lr,walk,0.5,1.0,27,1,0.5,6
1.8797700144104779,0.0005,0.9798130841121495,accuracy,citbcmst,lr,walk,0.5,1.5,3,5,0.5,4.5
1.8834123776029423,0.0005,0.9803738317757009,accuracy,citbcmst,lr,walk,0.5,1.25,19,1,0.5,5.0
1.909391778511069,0.0005,0.982803738317757,accuracy,citbcmst,lr,walk,0.5,1.25,12,2,0.5,5.5
2.1026720414470095,0.0005,0.9837383177570094,accuracy,citbcmst,lr,walk,0.7,0.5,5,3,1.5,5.5
2.1623961355166004,0.0005,0.9842990654205608,accuracy,citbcmst,lr,walk,0.7,1.25,19,1,0.5,6.0
2.1741505259310774,0.0005,0.9861682242990654,accuracy,citbcmst,lr,walk,0.7,1.5,8,2,0.5,5.5
2.3342394127426926,0.0005,0.9861682242990654,accuracy,citbcmst,lr,walk,0.7,1.25,22,1,0.5,6.0
2.377404705873891,0.0005,0.9863551401869158,accuracy,citbcmst,lr,walk,0.7,1.25,19,1,0.5,5.5
2.413162685588345,0.0005,0.9869158878504672,accuracy,citbcmst,lr,walk,0.7,0.5,4,4,1.5,5.0
2.496046434829939,0.0005,0.9872897196261682,accuracy,citbcmst,lr,walk,0.7,1.0,25,1,0.5,6
2.5356752561115075,0.0005,0.9876635514018691,accuracy,citbcmst,lr,walk,0.9,1.0,11,1,1,5.0
2.540513044005332,0.0005,0.9885981308411215,accuracy,citbcmst,lr,walk,0.9,0.75,8,2,1,6
2.687233040357593,0.0005,0.9889719626168224,accuracy,citbcmst,lr,walk,0.7,0.5,12,2,1,5.5
2.6991917061598887,0.0005,0.9895327102803738,accuracy,citbcmst,lr,walk,0.7,1.0,29,1,0.5,6
2.7051900126085613,0.0005,0.9910280373831776,accuracy,citbcmst,lr,walk,0.9,0.75,9,2,1,6
3.0477031071594576,0.0005,0.991588785046729,accuracy,citbcmst,lr,walk,0.7,1.5,4,5,0.5,4.5
3.2892839510304768,0.0005,0.9919626168224299,accuracy,citbcmst,lr,walk,0.7,0.75,18,1,1.0,4.0
3.313306494563186,0.0005,0.9925233644859813,accuracy,citbcmst,lr,walk,0.9,1.5,11,2,0.5,5.5
3.6591448574242276,0.0005,0.9925233644859813,accuracy,citbcmst,lr,walk,0.7,1.5,11,2,0.5,4.0
3.7829520789431275,0.0005,0.9928971962616823,accuracy,citbcmst,lr,walk,0.7,1.5,15,2,0.5,4.5
3.927223730416573,0.0005,0.9930841121495327,accuracy,citbcmst,lr,walk,0.9,0.5,10,2,1.5,4.5
4.323554259816557,0.0005,0.9938317757009346,accuracy,citbcmst,lr,walk,0.7,1.25,15,2,0.5,4.0
4.855288059262639,0.0005,0.9942056074766356,accuracy,citbcmst,lr,walk,0.7,1.25,28,1,0.5,3.5
5.866868739060457,0.0005,0.9945794392523365,accuracy,citbcmst,lr,walk,0.9,0.75,18,1,1.0,3.0
6.22692790441823,0.0005,0.994766355140187,accuracy,citbcmst,lr,walk,0.9,0.5,10,2,2,3
8.581114386902621,0.0005,0.9949532710280374,accuracy,citbcmst,lr,walk,0.9,1.0,24,1,1,2.5
9.39535155515878,0.0005,0.9951401869158879,accuracy,citbcmst,lr,walk,0.9,0.75,28,1,1.5,2.5
9.535616366194226,0.0005,0.9951401869158879,accuracy,citbcmst,lr,walk,0.7,1.0,28,1,1.0,2
9.78795515969122,0.0005,0.9957009345794392,accuracy,citbcmst,lr,walk,0.9,0.5,15,2,2,2.5
18.723199854190604,0.0005,0.9958878504672897,accuracy,citbcmst,lr,walk,0.9,0.5,10,3,2,1.5
0.12667571064652272,0.00075,0.8904672897196262,accuracy,rotterdam,lr,walk,0.1,0.75,1,1,0.5,6.0
0.13314857099841546,0.00075,0.8910280373831776,accuracy,rotterdam,lr,walk,0.1,0.5,1,1,0.5,5.0
0.13729598014088548,0.00075,0.8957009345794392,accuracy,rotterdam,lr,walk,0.1,0.5,2,1,0.5,6.0
0.13950046973662797,0.00075,0.8958878504672897,accuracy,rotterdam,lr,walk,0.1,1.0,1,1,0.5,4.5
0.15024170084467098,0.00075,0.8962616822429906,accuracy,rotterdam,lr,walk,0.1,0.5,1,2,0.5,5.0
0.15266407448870098,0.00075,0.8962616822429906,accuracy,rotterdam,lr,walk,0.1,0.75,1,1,0.5,4.0
0.15573027397278613,0.00075,0.8964485981308411,accuracy,rotterdam,lr,walk,0.1,0.5,1,3,0.5,5.5
0.158536519129611,0.00075,0.8977570093457944,accuracy,rotterdam,lr,walk,0.1,0.5,1,4,0.5,6.0
0.17977705811833655,0.00075,0.8981308411214953,accuracy,rotterdam,lr,walk,0.1,0.5,3,2,0.5,6.0
0.2468540901358118,0.00075,0.8983177570093458,accuracy,rotterdam,lr,walk,0.1,0.5,2,3,0.5,4.5
0.28789043141675613,0.00075,0.8996261682242991,accuracy,rotterdam,lr,walk,0.1,1.0,4,1,0.5,3.5
0.29169669326378544,0.00075,0.8996261682242991,accuracy,rotterdam,lr,walk,0.1,0.5,3,6,0.5,6.0
0.32786421840414637,0.00075,0.9005607476635514,accuracy,rotterdam,lr,walk,0.1,0.5,15,1,0.5,5.0
0.3461543435668475,0.00075,0.9009345794392524,accuracy,rotterdam,lr,walk,0.1,0.75,13,1,0.5,4.5
0.3693309337110615,0.00075,0.9013084112149533,accuracy,rotterdam,lr,walk,0.1,0.75,3,5,0.5,4.5
0.39531809304237875,0.00075,0.9029906542056074,accuracy,rotterdam,lr,walk,0.1,0.5,14,2,0.5,5.5
0.4079985813767443,0.00075,0.9057943925233645,accuracy,rotterdam,lr,walk,0.1,0.5,24,1,0.5,5.0
0.42291423400826694,0.00075,0.9082242990654206,accuracy,rotterdam,lr,walk,0.1,1.0,5,3,0.5,4.0
0.43536688640214405,0.00075,0.908785046728972,accuracy,rotterdam,lr,walk,0.1,1.0,2,8,0.5,4.0
0.48189736013123613,0.00075,0.9089719626168224,accuracy,rotterdam,lr,walk,0.1,1.0,20,1,0.5,4.0
0.5094070149477326,0.00075,0.9114018691588784,accuracy,rotterdam,lr,walk,0.1,0.5,10,3,0.5,4.5
0.5573599681779111,0.00075,0.9117757009345794,accuracy,rotterdam,lr,walk,0.3,1.25,1,7,1.0,6.0
0.5626957174691286,0.00075,0.9147663551401869,accuracy,rotterdam,lr,walk,0.1,0.5,5,4,1.0,3.5
0.5875822588728807,0.00075,0.9170093457943925,accuracy,rotterdam,lr,walk,0.1,1.5,22,1,0.5,3.5
0.6140324984798738,0.00075,0.9173831775700935,accuracy,rotterdam,lr,walk,0.3,0.5,1,7,2.5,5.5
0.627348350370984,0.00075,0.9194392523364486,accuracy,rotterdam,lr,walk,0.3,0.5,3,3,1.5,6.0
0.6535891928665041,0.00075,0.922429906542056,accuracy,rotterdam,lr,walk,0.3,0.75,2,4,2.0,5.5
0.6595221624961812,0.00075,0.9237383177570093,accuracy,rotterdam,lr,walk,0.3,1.0,5,2,1.0,6.0
0.6765966652079353,0.00075,0.9239252336448598,accuracy,rotterdam,lr,walk,0.1,1.5,10,2,0.5,3
0.6907929475927144,0.00075,0.9242990654205607,accuracy,rotterdam,lr,walk,0.3,0.75,3,3,1.5,5.5
0.7186153863916209,0.00075,0.9248598130841121,accuracy,rotterdam,lr,walk,0.3,0.75,6,1,2.0,4.5
0.7195908580608361,0.00075,0.9327102803738317,accuracy,rotterdam,lr,walk,0.3,0.75,3,4,1.5,6.0
0.7685213963484443,0.00075,0.9328971962616822,accuracy,rotterdam,lr,walk,0.3,0.5,1,9,2.5,5.0
0.774961465109472,0.00075,0.9349532710280374,accuracy,rotterdam,lr,walk,0.3,1.0,2,7,1.0,6.0
0.7920391823536499,0.00075,0.9379439252336449,accuracy,rotterdam,lr,walk,0.3,1.25,2,6,1.0,5.5
0.8015243845322926,0.00075,0.9386915887850468,accuracy,rotterdam,lr,walk,0.3,1.25,5,3,1.0,6.0
0.8518650189513732,0.00075,0.9403738317757009,accuracy,rotterdam,lr,walk,0.3,0.75,17,1,1.0,6.0
0.9096035605897081,0.00075,0.942803738317757,accuracy,rotterdam,lr,walk,0.3,1.0,8,2,1,5.5
0.9220067618425007,0.00075,0.9444859813084112,accuracy,rotterdam,lr,walk,0.3,0.5,5,4,1.5,6.0
0.9662378556838581,0.00075,0.9446728971962617,accuracy,rotterdam,lr,walk,0.3,0.5,22,1,1.5,6.0
0.976906092675528,0.00075,0.9465420560747664,accuracy,rotterdam,lr,walk,0.5,0.75,8,1,2.5,6
0.9886965072334708,0.00075,0.9471028037383178,accuracy,rotterdam,lr,walk,0.3,0.5,19,1,1.5,5.5
0.990758884097517,0.00075,0.9472897196261683,accuracy,rotterdam,lr,walk,0.3,0.75,4,3,1.5,4.5
1.008264028103321,0.00075,0.9493457943925233,accuracy,rotterdam,lr,walk,0.3,0.5,12,2,1.5,6.0
1.0136826491501425,0.00075,0.9508411214953271,accuracy,citbcmst,lr,walk,0.3,0.5,20,1,1.0,5.5
1.0624398427828243,0.00075,0.9508411214953271,accuracy,rotterdam,lr,walk,0.3,1.0,11,2,1,5.5
1.0659729908816882,0.00075,0.9519626168224299,accuracy,rotterdam,lr,walk,0.3,1.5,7,2,1,4.5
1.085573691051156,0.00075,0.9521495327102804,accuracy,rotterdam,lr,walk,0.3,0.5,23,1,1.5,5.5
1.088205215646872,0.00075,0.9534579439252336,accuracy,rotterdam,lr,walk,0.3,1.5,28,1,0.5,6
1.1073020026028484,0.00075,0.9538317757009346,accuracy,citbcmst,lr,walk,0.3,0.75,29,1,0.5,6
1.1268304047798903,0.00075,0.9542056074766355,accuracy,rotterdam,lr,walk,0.3,1.25,5,4,1.0,5.0
1.1430051172724505,0.00075,0.9542056074766355,accuracy,rotterdam,lr,walk,0.5,1.0,11,1,1.5,6.0
1.153190936054577,0.00075,0.9586915887850467,accuracy,citbcmst,lr,walk,0.3,1.25,21,1,0.5,5.0
1.2322725298786363,0.00075,0.9592523364485981,accuracy,rotterdam,lr,walk,0.3,0.75,24,1,1.0,5.0
1.2353778122411654,0.00075,0.959626168224299,accuracy,citbcmst,lr,walk,0.3,1.0,19,1,0.5,4.5
1.2659697671847965,0.00075,0.9614953271028037,accuracy,rotterdam,lr,walk,0.3,1.25,4,5,1.0,4.5
1.2877446714059897,0.00075,0.9622429906542056,accuracy,citbcmst,lr,walk,0.5,1.5,2,7,0.5,6
1.3288212075324728,0.00075,0.9654205607476636,accuracy,rotterdam,lr,walk,0.3,0.75,14,2,1,5.0
1.384738236678352,0.00075,0.9661682242990655,accuracy,citbcmst,lr,walk,0.3,0.75,12,2,0.5,4.5
1.4199722944589537,0.00075,0.9691588785046729,accuracy,citbcmst,lr,walk,0.5,0.75,17,1,1.0,6.0
1.4654242134191218,0.00075,0.9719626168224299,accuracy,citbcmst,lr,walk,0.5,0.5,3,5,1.5,5.5
1.5406467811955817,0.00075,0.9742056074766355,accuracy,citbcmst,lr,walk,0.5,1.5,10,2,0.5,6
1.6061683798748931,0.00075,0.9745794392523365,accuracy,citbcmst,lr,walk,0.5,0.75,2,9,1.0,5.5
1.6506458364009475,0.00075,0.976822429906542,accuracy,citbcmst,lr,walk,0.5,1.25,19,1,0.5,5.5
1.6940888148889575,0.00075,0.9771962616822429,accuracy,citbcmst,lr,walk,0.5,0.5,2,10,1.0,5.5
1.7607713299425694,0.00075,0.9779439252336448,accuracy,citbcmst,lr,walk,0.5,1.0,26,1,0.5,6
1.795114260389452,0.00075,0.9788785046728972,accuracy,citbcmst,lr,walk,0.5,1.0,27,1,0.5,6
1.8290219552875975,0.00075,0.9798130841121495,accuracy,citbcmst,lr,walk,0.5,1.5,3,5,0.5,4.5
1.8330914320627152,0.00075,0.9803738317757009,accuracy,citbcmst,lr,walk,0.5,1.25,19,1,0.5,5.0
1.8588122760106853,0.00075,0.982803738317757,accuracy,citbcmst,lr,walk,0.5,1.25,12,2,0.5,5.5
2.047799172253976,0.00075,0.9837383177570094,accuracy,citbcmst,lr,walk,0.7,0.5,5,3,1.5,5.5
2.1063313504093664,0.00075,0.9842990654205608,accuracy,citbcmst,lr,walk,0.7,1.25,19,1,0.5,6.0
2.1175481199499075,0.00075,0.9861682242990654,accuracy,citbcmst,lr,walk,0.7,1.5,8,2,0.5,5.5
2.2741090446324366,0.00075,0.9861682242990654,accuracy,citbcmst,lr,walk,0.7,1.25,22,1,0.5,6.0
2.315823820304108,0.00075,0.9861682242990654,accuracy,citbcmst,lr,walk,0.5,1.0,10,3,0.5,5.0
2.3159766454128476,0.00075,0.9863551401869158,accuracy,citbcmst,lr,walk,0.7,1.25,19,1,0.5,5.5
2.3505539616407383,0.00075,0.9869158878504672,accuracy,citbcmst,lr,walk,0.7,0.5,4,4,1.5,5.0
2.4321070081904423,0.00075,0.9872897196261682,accuracy,citbcmst,lr,walk,0.7,1.0,25,1,0.5,6
2.4713072840790637,0.00075,0.9876635514018691,accuracy,citbcmst,lr,walk,0.9,1.0,11,1,1,5.0
2.47625086389753,0.00075,0.9885981308411215,accuracy,citbcmst,lr,walk,0.9,0.75,8,2,1,6
2.618519437011943,0.00075,0.9889719626168224,accuracy,citbcmst,lr,walk,0.7,0.5,12,2,1,5.5
2.630424975919927,0.00075,0.9895327102803738,accuracy,citbcmst,lr,walk,0.7,1.0,29,1,0.5,6
2.6370596957357053,0.00075,0.9910280373831776,accuracy,citbcmst,lr,walk,0.9,0.75,9,2,1,6
2.9700074775336116,0.00075,0.991588785046729,accuracy,citbcmst,lr,walk,0.7,1.5,4,5,0.5,4.5
3.205457334793294,0.00075,0.9919626168224299,accuracy,citbcmst,lr,walk,0.7,0.75,18,1,1.0,4.0
3.2312075792422252,0.00075,0.9925233644859813,accuracy,citbcmst,lr,walk,0.9,1.5,11,2,0.5,5.5
3.566854461002274,0.00075,0.9925233644859813,accuracy,citbcmst,lr,walk,0.7,1.5,11,2,0.5,4.0
3.6884736528835917,0.00075,0.9928971962616823,accuracy,citbcmst,lr,walk,0.7,1.5,15,2,0.5,4.5
3.8311640084646754,0.00075,0.9930841121495327,accuracy,citbcmst,lr,walk,0.9,0.5,10,2,1.5,4.5
4.216672514763539,0.00075,0.9938317757009346,accuracy,citbcmst,lr,walk,0.7,1.25,15,2,0.5,4.0
4.736033615701414,0.00075,0.9942056074766356,accuracy,citbcmst,lr,walk,0.7,1.25,28,1,0.5,3.5
5.728280088132225,0.00075,0.9945794392523365,accuracy,citbcmst,lr,walk,0.9,0.75,18,1,1.0,3.0
6.0818821185350505,0.00075,0.994766355140187,accuracy,citbcmst,lr,walk,0.9,0.5,10,2,2,3
8.388035763993972,0.00075,0.9949532710280374,accuracy,citbcmst,lr,walk,0.9,1.0,24,1,1,2.5
9.188720459147582,0.00075,0.9951401869158879,accuracy,citbcmst,lr,walk,0.9,0.75,28,1,1.5,2.5
9.315151606716451,0.00075,0.9951401869158879,accuracy,citbcmst,lr,walk,0.7,1.0,28,1,1.0,2
9.57455247121324,0.00075,0.9957009345794392,accuracy,citbcmst,lr,walk,0.9,0.5,15,2,2,2.5
18.35459521045591,0.00075,0.9958878504672897,accuracy,citbcmst,lr,walk,0.9,0.5,10,3,2,1.5
0.1220356772198811,0.001,0.8904672897196262,accuracy,rotterdam,lr,walk,0.1,0.75,1,1,0.5,6.0
0.12850853757177383,0.001,0.8910280373831776,accuracy,rotterdam,lr,walk,0.1,0.5,1,1,0.5,5.0
0.13265594671424386,0.001,0.8957009345794392,accuracy,rotterdam,lr,walk,0.1,0.5,2,1,0.5,6.0
0.13486043630998634,0.001,0.8958878504672897,accuracy,rotterdam,lr,walk,0.1,1.0,1,1,0.5,4.5
0.14560166741802935,0.001,0.8962616822429906,accuracy,rotterdam,lr,walk,0.1,0.5,1,2,0.5,5.0
0.14802404106205935,0.001,0.8962616822429906,accuracy,rotterdam,lr,walk,0.1,0.75,1,1,0.5,4.0
0.1510902405461445,0.001,0.8964485981308411,accuracy,rotterdam,lr,walk,0.1,0.5,1,3,0.5,5.5
0.15389648570296938,0.001,0.8977570093457944,accuracy,rotterdam,lr,walk,0.1,0.5,1,4,0.5,6.0
0.1751370246916949,0.001,0.8981308411214953,accuracy,rotterdam,lr,walk,0.1,0.5,3,2,0.5,6.0
0.2411004486867762,0.001,0.8983177570093458,accuracy,rotterdam,lr,walk,0.1,0.5,2,3,0.5,4.5
0.280646727945852,0.001,0.8996261682242991,accuracy,rotterdam,lr,walk,0.1,1.0,4,1,0.5,3.5
0.28545530198576163,0.001,0.8996261682242991,accuracy,rotterdam,lr,walk,0.1,0.5,3,6,0.5,6.0
0.3207023804618515,0.001,0.9005607476635514,accuracy,rotterdam,lr,walk,0.1,0.5,15,1,0.5,5.0
0.33849369646767946,0.001,0.9009345794392524,accuracy,rotterdam,lr,walk,0.1,0.75,13,1,0.5,4.5
0.36120590294066846,0.001,0.9013084112149533,accuracy,rotterdam,lr,walk,0.1,0.75,3,5,0.5,4.5
0.38695800808331965,0.001,0.9029906542056074,accuracy,rotterdam,lr,walk,0.1,0.5,14,2,0.5,5.5
0.3992809428175994,0.001,0.9057943925233645,accuracy,rotterdam,lr,walk,0.1,0.5,24,1,0.5,5.0
0.4135575480691046,0.001,0.9082242990654206,accuracy,rotterdam,lr,walk,0.1,1.0,5,3,0.5,4.0
0.42577748398708465,0.001,0.908785046728972,accuracy,rotterdam,lr,walk,0.1,1.0,2,8,0.5,4.0
0.47127211844549777,0.001,0.9089719626168224,accuracy,rotterdam,lr,walk,0.1,1.0,20,1,0.5,4.0
0.4985785042407681,0.001,0.9114018691588784,accuracy,rotterdam,lr,walk,0.1,0.5,10,3,0.5,4.5
0.5453732151590869,0.001,0.9117757009345794,accuracy,rotterdam,lr,walk,0.3,1.25,1,7,1.0,6.0
0.550187801275573,0.001,0.9147663551401869,accuracy,rotterdam,lr,walk,0.1,0.5,5,4,1.0,3.5
0.5745058010341634,0.001,0.9170093457943925,accuracy,rotterdam,lr,walk,0.1,1.5,22,1,0.5,3.5
0.6009560406411565,0.001,0.9173831775700935,accuracy,rotterdam,lr,walk,0.3,0.5,1,7,2.5,5.5
0.6141347873271161,0.001,0.9194392523364486,accuracy,rotterdam,lr,walk,0.3,0.5,3,3,1.5,6.0
0.63962872396779,0.001,0.922429906542056,accuracy,rotterdam,lr,walk,0.3,0.75,2,4,2.0,5.5
0.645746040334003,0.001,0.9237383177570093,accuracy,rotterdam,lr,walk,0.3,1.0,5,2,1.0,6.0
0.6614555034999468,0.001,0.9239252336448598,accuracy,rotterdam,lr,walk,0.1,1.5,10,2,0.5,3
0.6761225026178129,0.001,0.9242990654205607,accuracy,rotterdam,lr,walk,0.3,0.75,3,3,1.5,5.5
0.7026330490331887,0.001,0.9248598130841121,accuracy,rotterdam,lr,walk,0.3,0.75,6,1,2.0,4.5
0.7044496963528476,0.001,0.9327102803738317,accuracy,rotterdam,lr,walk,0.3,0.75,3,4,1.5,6.0
0.7520069754778136,0.001,0.9328971962616822,accuracy,rotterdam,lr,walk,0.3,0.5,1,9,2.5,5.0
0.7589791277510396,0.001,0.9349532710280374,accuracy,rotterdam,lr,walk,0.3,1.0,2,7,1.0,6.0
0.7751167075035452,0.001,0.9379439252336449,accuracy,rotterdam,lr,walk,0.3,1.25,2,6,1.0,5.5
0.7846019096821879,0.001,0.9386915887850468,accuracy,rotterdam,lr,walk,0.3,1.25,5,3,1.0,6.0
0.833884889423137,0.001,0.9403738317757009,accuracy,rotterdam,lr,walk,0.3,0.75,17,1,1.0,6.0
0.8904247557595893,0.001,0.942803738317757,accuracy,rotterdam,lr,walk,0.3,1.0,8,2,1,5.5
0.902827957012382,0.001,0.9444859813084112,accuracy,rotterdam,lr,walk,0.3,0.5,5,4,1.5,6.0
0.9465232905352617,0.001,0.9446728971962617,accuracy,rotterdam,lr,walk,0.3,0.5,22,1,1.5,6.0
0.9563573732146866,0.001,0.9465420560747664,accuracy,rotterdam,lr,walk,0.5,0.75,8,1,2.5,6
0.9681477877726292,0.001,0.9471028037383178,accuracy,rotterdam,lr,walk,0.3,0.5,19,1,1.5,5.5
0.9694744005483078,0.001,0.9471028037383178,accuracy,rotterdam,lr,walk,0.3,1.5,9,1,1,4
0.9702101646366755,0.001,0.9472897196261683,accuracy,rotterdam,lr,walk,0.3,0.75,4,3,1.5,4.5
0.9877153086424795,0.001,0.9493457943925233,accuracy,rotterdam,lr,walk,0.3,0.5,12,2,1.5,6.0
0.9931339296893009,0.001,0.9508411214953271,accuracy,citbcmst,lr,walk,0.3,0.5,20,1,1.0,5.5
1.040310452594226,0.001,0.9508411214953271,accuracy,rotterdam,lr,walk,0.3,1.0,11,2,1,5.5
1.0438436006930898,0.001,0.9519626168224299,accuracy,rotterdam,lr,walk,0.3,1.5,7,2,1,4.5
1.0634443008625574,0.001,0.9521495327102804,accuracy,rotterdam,lr,walk,0.3,0.5,23,1,1.5,5.5
1.0660758254582734,0.001,0.9534579439252336,accuracy,rotterdam,lr,walk,0.3,1.5,28,1,0.5,6
1.08517261241425,0.001,0.9538317757009346,accuracy,citbcmst,lr,walk,0.3,0.75,29,1,0.5,6
1.1028568987422418,0.001,0.9542056074766355,accuracy,rotterdam,lr,walk,0.3,1.25,5,4,1.0,5.0
1.119031611234802,0.001,0.9542056074766355,accuracy,rotterdam,lr,walk,0.5,1.0,11,1,1.5,6.0
1.1292174300169284,0.001,0.9586915887850467,accuracy,citbcmst,lr,walk,0.3,1.25,21,1,0.5,5.0
1.2062839291092813,0.001,0.9592523364485981,accuracy,rotterdam,lr,walk,0.3,0.75,24,1,1.0,5.0
1.2092248965637307,0.001,0.959626168224299,accuracy,citbcmst,lr,walk,0.3,1.0,19,1,0.5,4.5
1.2398168515073618,0.001,0.9614953271028037,accuracy,rotterdam,lr,walk,0.3,1.25,4,5,1.0,4.5
1.261591755728555,0.001,0.9622429906542056,accuracy,citbcmst,lr,walk,0.5,1.5,2,7,0.5,6
1.302668291855038,0.001,0.9654205607476636,accuracy,rotterdam,lr,walk,0.3,0.75,14,2,1,5.0
1.3556794414812026,0.001,0.9661682242990655,accuracy,citbcmst,lr,walk,0.3,0.75,12,2,0.5,4.5
1.3909134992618042,0.001,0.9691588785046729,accuracy,citbcmst,lr,walk,0.5,0.75,17,1,1.0,6.0
1.4359190130539239,0.001,0.9719626168224299,accuracy,citbcmst,lr,walk,0.5,0.5,3,5,1.5,5.5
1.5099476624541555,0.001,0.9742056074766355,accuracy,citbcmst,lr,walk,0.5,1.5,10,2,0.5,6
1.5740528689463258,0.001,0.9745794392523365,accuracy,citbcmst,lr,walk,0.5,0.75,2,9,1.0,5.5
1.6177477571545014,0.001,0.976822429906542,accuracy,citbcmst,lr,walk,0.5,1.25,19,1,0.5,5.5
1.660405954692074,0.001,0.9771962616822429,accuracy,citbcmst,lr,walk,0.5,0.5,2,10,1.0,5.5
1.7260450845088844,0.001,0.9779439252336448,accuracy,citbcmst,lr,walk,0.5,1.0,26,1,0.5,6
1.759791788967896,0.001,0.9788785046728972,accuracy,citbcmst,lr,walk,0.5,1.0,27,1,0.5,6
1.792262292970934,0.001,0.9798130841121495,accuracy,citbcmst,lr,walk,0.5,1.5,3,5,0.5,4.5
1.7965578056773577,0.001,0.9803738317757009,accuracy,citbcmst,lr,walk,0.5,1.25,19,1,0.5,5.0
1.8221316298285566,0.001,0.982803738317757,accuracy,citbcmst,lr,walk,0.5,1.25,12,2,0.5,5.5
2.0080126314194846,0.001,0.9837383177570094,accuracy,citbcmst,lr,walk,0.7,0.5,5,3,1.5,5.5
2.065592095462747,0.001,0.9842990654205608,accuracy,citbcmst,lr,walk,0.7,1.25,19,1,0.5,6.0
2.076482463674047,0.001,0.9861682242990654,accuracy,citbcmst,lr,walk,0.7,1.5,8,2,0.5,5.5
2.23036637153825,0.001,0.9861682242990654,accuracy,citbcmst,lr,walk,0.7,1.25,22,1,0.5,6.0
2.270656450096058,0.001,0.9861682242990654,accuracy,citbcmst,lr,walk,0.5,1.0,10,3,0.5,5.0
2.2713795212795764,0.001,0.9863551401869158,accuracy,citbcmst,lr,walk,0.7,1.25,19,1,0.5,5.5
2.3051565058321124,0.001,0.9869158878504672,accuracy,citbcmst,lr,walk,0.7,0.5,4,4,1.5,5.0
2.385593153454458,0.001,0.9872897196261682,accuracy,citbcmst,lr,walk,0.7,1.0,25,1,0.5,6
2.424547859731068,0.001,0.9876635514018691,accuracy,citbcmst,lr,walk,0.9,1.0,11,1,1,5.0
2.429539872353538,0.001,0.9885981308411215,accuracy,citbcmst,lr,walk,0.9,0.75,8,2,1,6
2.5686120016655756,0.001,0.9889719626168224,accuracy,citbcmst,lr,walk,0.7,0.5,12,2,1,5.5
2.580484390512268,0.001,0.9895327102803738,accuracy,citbcmst,lr,walk,0.7,1.0,29,1,0.5,6
2.587616719953842,0.001,0.9910280373831776,accuracy,citbcmst,lr,walk,0.9,0.75,9,2,1,6
2.913552763352978,0.001,0.991588785046729,accuracy,citbcmst,lr,walk,0.7,1.5,4,5,0.5,4.5
3.144549979041284,0.001,0.9919626168224299,accuracy,citbcmst,lr,walk,0.7,0.75,18,1,1.0,4.0
3.1715076953938706,0.001,0.9925233644859813,accuracy,citbcmst,lr,walk,0.9,1.5,11,2,0.5,5.5
3.4999516534553483,0.001,0.9925233644859813,accuracy,citbcmst,lr,walk,0.7,1.5,11,2,0.5,4.0
3.619977921347454,0.001,0.9928971962616823,accuracy,citbcmst,lr,walk,0.7,1.5,15,2,0.5,4.5
3.761207306703612,0.001,0.9930841121495327,accuracy,citbcmst,lr,walk,0.9,0.5,10,2,1.5,4.5
4.138920603290085,0.001,0.9938317757009346,accuracy,citbcmst,lr,walk,0.7,1.25,15,2,0.5,4.0
4.649124801046236,0.001,0.9942056074766356,accuracy,citbcmst,lr,walk,0.7,1.25,28,1,0.5,3.5
5.628143351617215,0.001,0.9945794392523365,accuracy,citbcmst,lr,walk,0.9,0.75,18,1,1.0,3.0
5.975333202812168,0.001,0.994766355140187,accuracy,citbcmst,lr,walk,0.9,0.5,10,2,2,3
8.249506489823414,0.001,0.9949532710280374,accuracy,citbcmst,lr,walk,0.9,1.0,24,1,1,2.5
9.037308842067697,0.001,0.9951401869158879,accuracy,citbcmst,lr,walk,0.9,0.75,28,1,1.5,2.5
9.15532823313213,0.001,0.9951401869158879,accuracy,citbcmst,lr,walk,0.7,1.0,28,1,1.0,2
9.418524920804524,0.001,0.9957009345794392,accuracy,citbcmst,lr,walk,0.9,0.5,15,2,2,2.5
18.09306605368156,0.001,0.9958878504672897,accuracy,citbcmst,lr,walk,0.9,0.5,10,3,2,1.5
0.10725679444771731,0.0025,0.8904672897196262,accuracy,rotterdam,lr,walk,0.1,0.75,1,1,0.5,6.0
0.11372965479961006,0.0025,0.8910280373831776,accuracy,rotterdam,lr,walk,0.1,0.5,1,1,0.5,5.0
0.11787706394208007,0.0025,0.8957009345794392,accuracy,rotterdam,lr,walk,0.1,0.5,2,1,0.5,6.0
0.12008155353782257,0.0025,0.8958878504672897,accuracy,rotterdam,lr,walk,0.1,1.0,1,1,0.5,4.5
0.13082278464586555,0.0025,0.8962616822429906,accuracy,rotterdam,lr,walk,0.1,0.5,1,2,0.5,5.0
0.13324515828989558,0.0025,0.8962616822429906,accuracy,rotterdam,lr,walk,0.1,0.75,1,1,0.5,4.0
0.13631135777398073,0.0025,0.8964485981308411,accuracy,rotterdam,lr,walk,0.1,0.5,1,3,0.5,5.5
0.1391176029308056,0.0025,0.8977570093457944,accuracy,rotterdam,lr,walk,0.1,0.5,1,4,0.5,6.0
0.16035814191953113,0.0025,0.8981308411214953,accuracy,rotterdam,lr,walk,0.1,0.5,3,2,0.5,6.0
0.22222827637495748,0.0025,0.8983177570093458,accuracy,rotterdam,lr,walk,0.1,0.5,2,3,0.5,4.5
0.2569088370665396,0.0025,0.8996261682242991,accuracy,rotterdam,lr,walk,0.1,1.0,4,1,0.5,3.5
0.26480597036789133,0.0025,0.8996261682242991,accuracy,rotterdam,lr,walk,0.1,0.5,3,6,0.5,6.0
0.29709870064545946,0.0025,0.9005607476635514,accuracy,rotterdam,lr,walk,0.1,0.5,15,1,0.5,5.0
0.31318063889115444,0.0025,0.9009345794392524,accuracy,rotterdam,lr,walk,0.1,0.75,13,1,0.5,4.5
0.33439181072186047,0.0025,0.9013084112149533,accuracy,rotterdam,lr,walk,0.1,0.75,3,5,0.5,4.5
0.35926553079161727,0.0025,0.9029906542056074,accuracy,rotterdam,lr,walk,0.1,0.5,14,2,0.5,5.5
0.37042350383978173,0.0025,0.9057943925233645,accuracy,rotterdam,lr,walk,0.1,0.5,24,1,0.5,5.0
0.3825311332477731,0.0025,0.9082242990654206,accuracy,rotterdam,lr,walk,0.1,1.0,5,3,0.5,4.0
0.39391484046073344,0.0025,0.908785046728972,accuracy,rotterdam,lr,walk,0.1,1.0,2,8,0.5,4.0
0.4365426638052704,0.0025,0.9089719626168224,accuracy,rotterdam,lr,walk,0.1,1.0,20,1,0.5,4.0
0.46265953015749217,0.0025,0.9114018691588784,accuracy,rotterdam,lr,walk,0.1,0.5,10,3,0.5,4.5
0.5058927546518482,0.0025,0.9117757009345794,accuracy,rotterdam,lr,walk,0.3,1.25,1,7,1.0,6.0
0.509172865520175,0.0025,0.9147663551401869,accuracy,rotterdam,lr,walk,0.1,0.5,5,4,1.0,3.5
0.5318382135125491,0.0025,0.9170093457943925,accuracy,rotterdam,lr,walk,0.1,1.5,22,1,0.5,3.5
0.5570340673717469,0.0025,0.9173831775700935,accuracy,rotterdam,lr,walk,0.3,0.5,1,7,2.5,5.5
0.5698956761018057,0.0025,0.9194392523364486,accuracy,rotterdam,lr,walk,0.3,0.5,3,3,1.5,6.0
0.5931681818129959,0.0025,0.922429906542056,accuracy,rotterdam,lr,walk,0.3,0.75,2,4,2.0,5.5
0.5994099301864713,0.0025,0.9237383177570093,accuracy,rotterdam,lr,walk,0.3,1.0,5,2,1.0,6.0
0.6112997368301276,0.0025,0.9239252336448598,accuracy,rotterdam,lr,walk,0.1,1.5,10,2,0.5,3
0.6272730083296105,0.0025,0.9242990654205607,accuracy,rotterdam,lr,walk,0.3,0.75,3,3,1.5,5.5
0.6503261969317848,0.0025,0.9248598130841121,accuracy,rotterdam,lr,walk,0.3,0.75,6,1,2.0,4.5
0.6544719520077408,0.0025,0.9327102803738317,accuracy,rotterdam,lr,walk,0.3,0.75,3,4,1.5,6.0
0.6975261545119362,0.0025,0.9328971962616822,accuracy,rotterdam,lr,walk,0.3,0.5,1,9,2.5,5.0
0.7054848972754137,0.0025,0.9349532710280374,accuracy,rotterdam,lr,walk,0.3,1.0,2,7,1.0,6.0
0.7198750045514994,0.0025,0.9379439252336449,accuracy,rotterdam,lr,walk,0.3,1.25,2,6,1.0,5.5
0.7293049322707961,0.0025,0.9386915887850468,accuracy,rotterdam,lr,walk,0.3,1.25,5,3,1.0,6.0
0.7753952674587358,0.0025,0.9403738317757009,accuracy,rotterdam,lr,walk,0.3,0.75,17,1,1.0,6.0
0.8277400240316031,0.0025,0.942803738317757,accuracy,rotterdam,lr,walk,0.3,1.0,8,2,1,5.5
0.839881934437033,0.0025,0.9444859813084112,accuracy,rotterdam,lr,walk,0.3,0.5,5,4,1.5,6.0
0.8810112012705569,0.0025,0.9446728971962617,accuracy,rotterdam,lr,walk,0.3,0.5,22,1,1.5,6.0
0.8896948063891668,0.0025,0.9465420560747664,accuracy,rotterdam,lr,walk,0.5,0.75,8,1,2.5,6
0.8989904980964497,0.0025,0.9471028037383178,accuracy,rotterdam,lr,walk,0.3,1.5,9,1,1,4
0.9001485825266379,0.0025,0.9472897196261683,accuracy,rotterdam,lr,walk,0.3,0.75,4,3,1.5,4.5
0.9192047751825096,0.0025,0.9493457943925233,accuracy,rotterdam,lr,walk,0.3,0.5,12,2,1.5,6.0
0.9235588536057049,0.0025,0.9508411214953271,accuracy,citbcmst,lr,walk,0.3,0.5,20,1,1.0,5.5
0.9681411282255312,0.0025,0.9508411214953271,accuracy,rotterdam,lr,walk,0.3,1.0,11,2,1,5.5
0.9691242785024605,0.0025,0.9519626168224299,accuracy,rotterdam,lr,walk,0.3,1.5,7,2,1,4.5
0.9894526016785554,0.0025,0.9521495327102804,accuracy,rotterdam,lr,walk,0.3,0.5,23,1,1.5,5.5
0.9925760328457249,0.0025,0.9534579439252336,accuracy,rotterdam,lr,walk,0.3,1.5,28,1,0.5,6
1.0101934371523937,0.0025,0.9538317757009346,accuracy,citbcmst,lr,walk,0.3,0.75,29,1,0.5,6
1.026499337752729,0.0025,0.9542056074766355,accuracy,rotterdam,lr,walk,0.3,1.25,5,4,1.0,5.0
1.042518169051061,0.0025,0.9542056074766355,accuracy,rotterdam,lr,walk,0.5,1.0,11,1,1.5,6.0
1.0506964996068584,0.0025,0.9586915887850467,accuracy,citbcmst,lr,walk,0.3,1.25,21,1,0.5,5.0
1.1229847716661763,0.0025,0.9592523364485981,accuracy,rotterdam,lr,walk,0.3,0.75,24,1,1.0,5.0
1.1259257391206257,0.0025,0.959626168224299,accuracy,citbcmst,lr,walk,0.3,1.0,19,1,0.5,4.5
1.153470424933615,0.0025,0.9614953271028037,accuracy,rotterdam,lr,walk,0.3,1.25,4,5,1.0,4.5
1.1760364491549127,0.0025,0.9622429906542056,accuracy,citbcmst,lr,walk,0.5,1.5,2,7,0.5,6
1.211578879732683,0.0025,0.9654205607476636,accuracy,rotterdam,lr,walk,0.3,0.75,14,2,1,5.0
1.2613321701503133,0.0025,0.9661682242990655,accuracy,citbcmst,lr,walk,0.3,0.75,12,2,0.5,4.5
1.2963093228250053,0.0025,0.9691588785046729,accuracy,citbcmst,lr,walk,0.5,0.75,17,1,1.0,6.0
1.337947733700898,0.0025,0.9719626168224299,accuracy,citbcmst,lr,walk,0.5,0.5,3,5,1.5,5.5
1.4079727879568533,0.0025,0.9742056074766355,accuracy,citbcmst,lr,walk,0.5,1.5,10,2,0.5,6
1.4674389712592528,0.0025,0.9745794392523365,accuracy,citbcmst,lr,walk,0.5,0.75,2,9,1.0,5.5
1.5084022485192672,0.0025,0.976822429906542,accuracy,citbcmst,lr,walk,0.5,1.25,19,1,0.5,5.5
1.5484110849768011,0.0025,0.9771962616822429,accuracy,citbcmst,lr,walk,0.5,0.5,2,10,1.0,5.5
1.6106708076684941,0.0025,0.9779439252336448,accuracy,citbcmst,lr,walk,0.5,1.0,26,1,0.5,6
1.6423333396751516,0.0025,0.9788785046728972,accuracy,citbcmst,lr,walk,0.5,1.0,27,1,0.5,6
1.6701564924638497,0.0025,0.9798130841121495,accuracy,citbcmst,lr,walk,0.5,1.5,3,5,0.5,4.5
1.6753362820736668,0.0025,0.9803738317757009,accuracy,citbcmst,lr,walk,0.5,1.25,19,1,0.5,5.0
1.700193615017946,0.0025,0.982803738317757,accuracy,citbcmst,lr,walk,0.5,1.25,12,2,0.5,5.5
1.875518165296516,0.0025,0.9837383177570094,accuracy,citbcmst,lr,walk,0.7,0.5,5,3,1.5,5.5
1.930175640704118,0.0025,0.9842990654205608,accuracy,citbcmst,lr,walk,0.7,1.25,19,1,0.5,6.0
1.9398574890287057,0.0025,0.9861682242990654,accuracy,citbcmst,lr,walk,0.7,1.5,8,2,0.5,5.5
2.085000647433972,0.0025,0.9861682242990654,accuracy,citbcmst,lr,walk,0.7,1.25,22,1,0.5,6.0
2.1206578540909016,0.0025,0.9861682242990654,accuracy,citbcmst,lr,walk,0.5,1.0,10,3,0.5,5.0
2.123073395833733,0.0025,0.9863551401869158,accuracy,citbcmst,lr,walk,0.7,1.25,19,1,0.5,5.5
2.154154796693769,0.0025,0.9869158878504672,accuracy,citbcmst,lr,walk,0.7,0.5,4,4,1.5,5.0
2.2309595616429294,0.0025,0.9872897196261682,accuracy,citbcmst,lr,walk,0.7,1.0,25,1,0.5,6
2.2688798874927043,0.0025,0.9876635514018691,accuracy,citbcmst,lr,walk,0.9,1.0,11,1,1,5.0
2.2740355642485692,0.0025,0.9885981308411215,accuracy,citbcmst,lr,walk,0.9,0.75,8,2,1,6
2.402668894862507,0.0025,0.9889719626168224,accuracy,citbcmst,lr,walk,0.7,0.5,12,2,1,5.5
2.414364905923883,0.0025,0.9895327102803738,accuracy,citbcmst,lr,walk,0.7,1.0,29,1,0.5,6
2.4227695326496836,0.0025,0.9910280373831776,accuracy,citbcmst,lr,walk,0.9,0.75,9,2,1,6
2.72569712276765,0.0025,0.991588785046729,accuracy,citbcmst,lr,walk,0.7,1.5,4,5,0.5,4.5
2.942201616637656,0.0025,0.9919626168224299,accuracy,citbcmst,lr,walk,0.7,0.75,18,1,1.0,4.0
2.97281381739086,0.0025,0.9925233644859813,accuracy,citbcmst,lr,walk,0.9,1.5,11,2,0.5,5.5
3.2772394900733266,0.0025,0.9925233644859813,accuracy,citbcmst,lr,walk,0.7,1.5,11,2,0.5,4.0
3.3918473945457865,0.0025,0.9928971962616823,accuracy,citbcmst,lr,walk,0.7,1.5,15,2,0.5,4.5
3.5285539108126853,0.0025,0.9930841121495327,accuracy,citbcmst,lr,walk,0.9,0.5,10,2,1.5,4.5
3.8808565403643356,0.0025,0.9938317757009346,accuracy,citbcmst,lr,walk,0.7,1.25,15,2,0.5,4.0
4.3614901444183705,0.0025,0.9942056074766356,accuracy,citbcmst,lr,walk,0.7,1.25,28,1,0.5,3.5
5.293885821335441,0.0025,0.9945794392523365,accuracy,citbcmst,lr,walk,0.9,0.75,18,1,1.0,3.0
5.623112004136042,0.0025,0.994766355140187,accuracy,citbcmst,lr,walk,0.9,0.5,10,2,2,3
7.783386538002616,0.0025,0.9949532710280374,accuracy,citbcmst,lr,walk,0.9,1.0,24,1,1,2.5
8.537415640931252,0.0025,0.9951401869158879,accuracy,citbcmst,lr,walk,0.9,0.75,28,1,1.5,2.5
8.626588356284923,0.0025,0.9951401869158879,accuracy,citbcmst,lr,walk,0.7,1.0,28,1,1.0,2
8.899140181804587,0.0025,0.9957009345794392,accuracy,citbcmst,lr,walk,0.9,0.5,15,2,2,2.5
17.2064669955336,0.0025,0.9958878504672897,accuracy,citbcmst,lr,walk,0.9,0.5,10,3,2,1.5
0.09607700121287947,0.005,0.8904672897196262,accuracy,rotterdam,lr,walk,0.1,0.75,1,1,0.5,6.0
0.10254986156477222,0.005,0.8910280373831776,accuracy,rotterdam,lr,walk,0.1,0.5,1,1,0.5,5.0
0.10669727070724223,0.005,0.8957009345794392,accuracy,rotterdam,lr,walk,0.1,0.5,2,1,0.5,6.0
0.10890176030298473,0.005,0.8958878504672897,accuracy,rotterdam,lr,walk,0.1,1.0,1,1,0.5,4.5
0.11964299141102772,0.005,0.8962616822429906,accuracy,rotterdam,lr,walk,0.1,0.5,1,2,0.5,5.0
0.12206536505505773,0.005,0.8962616822429906,accuracy,rotterdam,lr,walk,0.1,0.75,1,1,0.5,4.0
0.12513156453914287,0.005,0.8964485981308411,accuracy,rotterdam,lr,walk,0.1,0.5,1,3,0.5,5.5
0.12793780969596777,0.005,0.8977570093457944,accuracy,rotterdam,lr,walk,0.1,0.5,1,4,0.5,6.0
0.1491783486846933,0.005,0.8981308411214953,accuracy,rotterdam,lr,walk,0.1,0.5,3,2,0.5,6.0
0.20724720777612243,0.005,0.8983177570093458,accuracy,rotterdam,lr,walk,0.1,0.5,2,3,0.5,4.5
0.238325609475533,0.005,0.8996261682242991,accuracy,rotterdam,lr,walk,0.1,1.0,4,1,0.5,3.5
0.2482572983223016,0.005,0.8996261682242991,accuracy,rotterdam,lr,walk,0.1,0.5,3,6,0.5,6.0
0.27819744858582063,0.005,0.9005607476635514,accuracy,rotterdam,lr,walk,0.1,0.5,15,1,0.5,5.0
0.2930097135060503,0.005,0.9009345794392524,accuracy,rotterdam,lr,walk,0.1,0.75,13,1,0.5,4.5
0.3130077455409161,0.005,0.9013084112149533,accuracy,rotterdam,lr,walk,0.1,0.75,3,5,0.5,4.5
0.3370611273421982,0.005,0.9029906542056074,accuracy,rotterdam,lr,walk,0.1,0.5,14,2,0.5,5.5
0.3472876988967558,0.005,0.9057943925233645,accuracy,rotterdam,lr,walk,0.1,0.5,24,1,0.5,5.0
0.35780597429010236,0.005,0.9082242990654206,accuracy,rotterdam,lr,walk,0.1,1.0,5,3,0.5,4.0
0.3685774408068548,0.005,0.908785046728972,accuracy,rotterdam,lr,walk,0.1,1.0,2,8,0.5,4.0
0.40866966919799574,0.005,0.9089719626168224,accuracy,rotterdam,lr,walk,0.1,1.0,20,1,0.5,4.0
0.4339192694290106,0.005,0.9114018691588784,accuracy,rotterdam,lr,walk,0.1,0.5,10,3,0.5,4.5
0.47411842901134094,0.005,0.9117757009345794,accuracy,rotterdam,lr,walk,0.3,1.25,1,7,1.0,6.0
0.476419352374822,0.005,0.9147663551401869,accuracy,rotterdam,lr,walk,0.1,0.5,5,4,1.0,3.5
0.4977763566994499,0.005,0.9170093457943925,accuracy,rotterdam,lr,walk,0.1,1.5,22,1,0.5,3.5
0.5219582584457689,0.005,0.9173831775700935,accuracy,rotterdam,lr,walk,0.3,0.5,1,7,2.5,5.5
0.5345215305441848,0.005,0.9194392523364486,accuracy,rotterdam,lr,walk,0.3,0.5,3,3,1.5,6.0
0.5560521797625456,0.005,0.922429906542056,accuracy,rotterdam,lr,walk,0.3,0.75,2,4,2.0,5.5
0.5623616402263425,0.005,0.9237383177570093,accuracy,rotterdam,lr,walk,0.3,1.0,5,2,1.0,6.0
0.5713319573143087,0.005,0.9239252336448598,accuracy,rotterdam,lr,walk,0.1,1.5,10,2,0.5,3
0.5882493487048019,0.005,0.9242990654205607,accuracy,rotterdam,lr,walk,0.3,0.75,3,3,1.5,5.5
0.6086452801502058,0.005,0.9248598130841121,accuracy,rotterdam,lr,walk,0.3,0.75,6,1,2.0,4.5
0.6142764185317695,0.005,0.9327102803738317,accuracy,rotterdam,lr,walk,0.3,0.75,3,4,1.5,6.0
0.6541511195249373,0.005,0.9328971962616822,accuracy,rotterdam,lr,walk,0.3,0.5,1,9,2.5,5.0
0.6623273402806963,0.005,0.9349532710280374,accuracy,rotterdam,lr,walk,0.3,1.0,2,7,1.0,6.0
0.6756519606404543,0.005,0.9379439252336449,accuracy,rotterdam,lr,walk,0.3,1.25,2,6,1.0,5.5
0.6849543615800489,0.005,0.9386915887850468,accuracy,rotterdam,lr,walk,0.3,1.25,5,3,1.0,6.0
0.7282572273011207,0.005,0.9388785046728972,accuracy,rotterdam,lr,walk,0.3,1.5,7,2,1,5.5
0.7285833943790674,0.005,0.9403738317757009,accuracy,rotterdam,lr,walk,0.3,0.75,17,1,1.0,6.0
0.7777044466431524,0.005,0.942803738317757,accuracy,rotterdam,lr,walk,0.3,1.0,8,2,1,5.5
0.7894986134693774,0.005,0.9444859813084112,accuracy,rotterdam,lr,walk,0.3,0.5,5,4,1.5,6.0
0.8276921873813303,0.005,0.9446728971962617,accuracy,rotterdam,lr,walk,0.3,0.5,22,1,1.5,6.0
0.8363757924999402,0.005,0.9465420560747664,accuracy,rotterdam,lr,walk,0.5,0.75,8,1,2.5,6
0.84140624267883,0.005,0.9471028037383178,accuracy,rotterdam,lr,walk,0.3,1.5,9,1,1,4
0.8442426468495896,0.005,0.9472897196261683,accuracy,rotterdam,lr,walk,0.3,0.75,4,3,1.5,4.5
0.8632949476073206,0.005,0.9480373831775701,accuracy,rotterdam,lr,walk,0.3,0.75,8,2,1,5
0.8643441505723876,0.005,0.9493457943925233,accuracy,rotterdam,lr,walk,0.3,0.5,12,2,1.5,6.0
0.8677559162728207,0.005,0.9508411214953271,accuracy,citbcmst,lr,walk,0.3,0.5,20,1,1.0,5.5
0.9099525843515661,0.005,0.9519626168224299,accuracy,rotterdam,lr,walk,0.3,1.5,7,2,1,4.5
0.930583199983835,0.005,0.9521495327102804,accuracy,rotterdam,lr,walk,0.3,0.5,23,1,1.5,5.5
0.9340724273582374,0.005,0.9534579439252336,accuracy,rotterdam,lr,walk,0.3,1.5,28,1,0.5,6
0.9502298277945769,0.005,0.9538317757009346,accuracy,citbcmst,lr,walk,0.3,0.75,29,1,0.5,6
0.9635870288695152,0.005,0.9542056074766355,accuracy,rotterdam,lr,walk,0.3,1.25,5,4,1.0,5.0
0.9795047890001569,0.005,0.9542056074766355,accuracy,rotterdam,lr,walk,0.5,1.0,11,1,1.5,6.0
0.9876831195559543,0.005,0.9586915887850467,accuracy,citbcmst,lr,walk,0.3,1.25,21,1,0.5,5.0
1.0549382357764752,0.005,0.9592523364485981,accuracy,rotterdam,lr,walk,0.3,0.75,24,1,1.0,5.0
1.0560419589187982,0.005,0.959626168224299,accuracy,citbcmst,lr,walk,0.3,1.0,19,1,0.5,4.5
1.0831200117186728,0.005,0.9614953271028037,accuracy,rotterdam,lr,walk,0.3,1.25,4,5,1.0,4.5
1.1057519373391516,0.005,0.9622429906542056,accuracy,citbcmst,lr,walk,0.5,1.5,2,7,0.5,6
1.1394458991523573,0.005,0.9654205607476636,accuracy,rotterdam,lr,walk,0.3,0.75,14,2,1,5.0
1.1856923546749014,0.005,0.9661682242990655,accuracy,citbcmst,lr,walk,0.3,0.75,12,2,0.5,4.5
1.2202434580465087,0.005,0.9691588785046729,accuracy,citbcmst,lr,walk,0.5,0.75,17,1,1.0,6.0
1.2591281021733418,0.005,0.9719626168224299,accuracy,citbcmst,lr,walk,0.5,0.5,3,5,1.5,5.5
1.3258561904787207,0.005,0.9742056074766355,accuracy,citbcmst,lr,walk,0.5,1.5,10,2,0.5,6
1.3816629412574986,0.005,0.9745794392523365,accuracy,citbcmst,lr,walk,0.5,0.75,2,9,1.0,5.5
1.420437572404702,0.005,0.976822429906542,accuracy,citbcmst,lr,walk,0.5,1.25,19,1,0.5,5.5
1.4582889491834532,0.005,0.9771962616822429,accuracy,citbcmst,lr,walk,0.5,0.5,2,10,1.0,5.5
1.5177297232212925,0.005,0.9779439252336448,accuracy,citbcmst,lr,walk,0.5,1.0,26,1,0.5,6
1.5476800458307525,0.005,0.9788785046728972,accuracy,citbcmst,lr,walk,0.5,1.0,27,1,0.5,6
1.5720221260745566,0.005,0.9798130841121495,accuracy,citbcmst,lr,walk,0.5,1.5,3,5,0.5,4.5
1.577802420492785,0.005,0.9803738317757009,accuracy,citbcmst,lr,walk,0.5,1.25,19,1,0.5,5.0
1.6020129752835965,0.005,0.982803738317757,accuracy,citbcmst,lr,walk,0.5,1.25,12,2,0.5,5.5
1.7687306382536447,0.005,0.9837383177570094,accuracy,citbcmst,lr,walk,0.7,0.5,5,3,1.5,5.5
1.8209557369566443,0.005,0.9842990654205608,accuracy,citbcmst,lr,walk,0.7,1.25,19,1,0.5,6.0
1.8297122872193032,0.005,0.9861682242990654,accuracy,citbcmst,lr,walk,0.7,1.5,8,2,0.5,5.5
1.9677757414550783,0.005,0.9861682242990654,accuracy,citbcmst,lr,walk,0.7,1.25,22,1,0.5,6.0
1.999890292247056,0.005,0.9861682242990654,accuracy,citbcmst,lr,walk,0.5,1.0,10,3,0.5,5.0
2.0034401045646772,0.005,0.9863551401869158,accuracy,citbcmst,lr,walk,0.7,1.25,19,1,0.5,5.5
2.032398901839379,0.005,0.9869158878504672,accuracy,citbcmst,lr,walk,0.7,0.5,4,4,1.5,5.0
2.1062027072953224,0.005,0.9872897196261682,accuracy,citbcmst,lr,walk,0.7,1.0,25,1,0.5,6
2.143226203096132,0.005,0.9876635514018691,accuracy,citbcmst,lr,walk,0.9,1.0,11,1,1,5.0
2.148493492438988,0.005,0.9885981308411215,accuracy,citbcmst,lr,walk,0.9,0.75,8,2,1,6
2.268775534079399,0.005,0.9889719626168224,accuracy,citbcmst,lr,walk,0.7,0.5,12,2,1,5.5
2.280293459684776,0.005,0.9895327102803738,accuracy,citbcmst,lr,walk,0.7,1.0,29,1,0.5,6
2.289666750415443,0.005,0.9910280373831776,accuracy,citbcmst,lr,walk,0.9,0.75,9,2,1,6
2.5744792026711716,0.005,0.991588785046729,accuracy,citbcmst,lr,walk,0.7,1.5,4,5,0.5,4.5
2.77917029308845,0.005,0.9919626168224299,accuracy,citbcmst,lr,walk,0.7,0.75,18,1,1.0,4.0
2.812081222506966,0.005,0.9925233644859813,accuracy,citbcmst,lr,walk,0.9,1.5,11,2,0.5,5.5
3.098059675501574,0.005,0.9925233644859813,accuracy,citbcmst,lr,walk,0.7,1.5,11,2,0.5,4.0
3.2081511523071775,0.005,0.9928971962616823,accuracy,citbcmst,lr,walk,0.7,1.5,15,2,0.5,4.5
3.340743287815133,0.005,0.9930841121495327,accuracy,citbcmst,lr,walk,0.9,0.5,10,2,1.5,4.5
3.672828118508791,0.005,0.9938317757009346,accuracy,citbcmst,lr,walk,0.7,1.25,15,2,0.5,4.0
4.129483775806719,0.005,0.9942056074766356,accuracy,citbcmst,lr,walk,0.7,1.25,28,1,0.5,3.5
5.023200513382779,0.005,0.9945794392523365,accuracy,citbcmst,lr,walk,0.9,0.75,18,1,1.0,3.0
5.33919584492541,0.005,0.994766355140187,accuracy,citbcmst,lr,walk,0.9,0.5,10,2,2,3
7.408216127400467,0.005,0.9949532710280374,accuracy,citbcmst,lr,walk,0.9,1.0,24,1,1,2.5
8.133089928065019,0.005,0.9951401869158879,accuracy,citbcmst,lr,walk,0.9,0.75,28,1,1.5,2.5
8.200119596184898,0.005,0.9951401869158879,accuracy,citbcmst,lr,walk,0.7,1.0,28,1,1.0,2
8.480531496541118,0.005,0.9957009345794392,accuracy,citbcmst,lr,walk,0.9,0.5,15,2,2,2.5
16.50674194571919,0.005,0.9958878504672897,accuracy,citbcmst,lr,walk,0.9,0.5,10,3,2,1.5
0.08953724140468329,0.0075,0.8904672897196262,accuracy,rotterdam,lr,walk,0.1,0.75,1,1,0.5,6.0
0.09601010175657604,0.0075,0.8910280373831776,accuracy,rotterdam,lr,walk,0.1,0.5,1,1,0.5,5.0
0.10015751089904605,0.0075,0.8957009345794392,accuracy,rotterdam,lr,walk,0.1,0.5,2,1,0.5,6.0
0.10236200049478855,0.0075,0.8958878504672897,accuracy,rotterdam,lr,walk,0.1,1.0,1,1,0.5,4.5
0.11310323160283153,0.0075,0.8962616822429906,accuracy,rotterdam,lr,walk,0.1,0.5,1,2,0.5,5.0
0.11552355500128775,0.0075,0.8962616822429906,accuracy,rotterdam,lr,walk,0.1,0.75,1,1,0.5,4.0
0.1185918047309467,0.0075,0.8964485981308411,accuracy,rotterdam,lr,walk,0.1,0.5,1,3,0.5,5.5
0.12139804988777159,0.0075,0.8977570093457944,accuracy,rotterdam,lr,walk,0.1,0.5,1,4,0.5,6.0
0.1426385888764971,0.0075,0.8981308411214953,accuracy,rotterdam,lr,walk,0.1,0.5,3,2,0.5,6.0
0.1981478562708271,0.0075,0.8983177570093458,accuracy,rotterdam,lr,walk,0.1,0.5,2,3,0.5,4.5
0.22708911548774746,0.0075,0.8996261682242991,accuracy,rotterdam,lr,walk,0.1,1.0,4,1,0.5,3.5
0.23812992553218643,0.0075,0.8996261682242991,accuracy,rotterdam,lr,walk,0.1,0.5,3,6,0.5,6.0
0.2666772354420087,0.0075,0.9005607476635514,accuracy,rotterdam,lr,walk,0.1,0.5,15,1,0.5,5.0
0.28067891720103066,0.0075,0.9009345794392524,accuracy,rotterdam,lr,walk,0.1,0.75,13,1,0.5,4.5
0.2999415721131815,0.0075,0.9013084112149533,accuracy,rotterdam,lr,walk,0.1,0.75,3,5,0.5,4.5
0.323442660961208,0.0075,0.9029906542056074,accuracy,rotterdam,lr,walk,0.1,0.5,14,2,0.5,5.5
0.3331377820583596,0.0075,0.9057943925233645,accuracy,rotterdam,lr,walk,0.1,0.5,24,1,0.5,5.0
0.34276291508890994,0.0075,0.9082242990654206,accuracy,rotterdam,lr,walk,0.1,1.0,5,3,0.5,4.0
0.3530680010731966,0.0075,0.908785046728972,accuracy,rotterdam,lr,walk,0.1,1.0,2,8,0.5,4.0
0.3917613953821274,0.0075,0.9089719626168224,accuracy,rotterdam,lr,walk,0.1,1.0,20,1,0.5,4.0
0.41629035168517736,0.0075,0.9114018691588784,accuracy,rotterdam,lr,walk,0.1,0.5,10,3,0.5,4.5
0.45481056672047593,0.0075,0.9117757009345794,accuracy,rotterdam,lr,walk,0.3,1.25,1,7,1.0,6.0
0.4563339659874919,0.0075,0.9147663551401869,accuracy,rotterdam,lr,walk,0.1,0.5,5,4,1.0,3.5
0.47701137534572086,0.0075,0.9170093457943925,accuracy,rotterdam,lr,walk,0.1,1.5,22,1,0.5,3.5
0.5006179895979708,0.0075,0.9173831775700935,accuracy,rotterdam,lr,walk,0.3,0.5,1,7,2.5,5.5
0.5130347333451881,0.0075,0.9194392523364486,accuracy,rotterdam,lr,walk,0.3,0.5,3,3,1.5,6.0
0.5335263404232031,0.0075,0.922429906542056,accuracy,rotterdam,lr,walk,0.3,0.75,2,4,2.0,5.5
0.539835800887,0.0075,0.9237383177570093,accuracy,rotterdam,lr,walk,0.3,1.0,5,2,1.0,6.0
0.5473223017937097,0.0075,0.9239252336448598,accuracy,rotterdam,lr,walk,0.1,1.5,10,2,0.5,3
0.5643984599925571,0.0075,0.9242990654205607,accuracy,rotterdam,lr,walk,0.3,0.75,3,3,1.5,5.5
0.5833037108934456,0.0075,0.9248598130841121,accuracy,rotterdam,lr,walk,0.3,0.75,6,1,2.0,4.5
0.5896739846137298,0.0075,0.9327102803738317,accuracy,rotterdam,lr,walk,0.3,0.75,3,4,1.5,6.0
0.6271201123177264,0.0075,0.9328971962616822,accuracy,rotterdam,lr,walk,0.3,0.5,1,9,2.5,5.0
0.6358078074521591,0.0075,0.9349532710280374,accuracy,rotterdam,lr,walk,0.3,1.0,2,7,1.0,6.0
0.6486209534332433,0.0075,0.9379439252336449,accuracy,rotterdam,lr,walk,0.3,1.25,2,6,1.0,5.5
0.6579233543728379,0.0075,0.9386915887850468,accuracy,rotterdam,lr,walk,0.3,1.25,5,3,1.0,6.0
0.6992954338648234,0.0075,0.9388785046728972,accuracy,rotterdam,lr,walk,0.3,1.5,7,2,1,5.5
0.69962160094277,0.0075,0.9403738317757009,accuracy,rotterdam,lr,walk,0.3,0.75,17,1,1.0,6.0
0.7465148229425245,0.0075,0.942803738317757,accuracy,rotterdam,lr,walk,0.3,1.0,8,2,1,5.5
0.7583089897687494,0.0075,0.9444859813084112,accuracy,rotterdam,lr,walk,0.3,0.5,5,4,1.5,6.0
0.7953205829500364,0.0075,0.9446728971962617,accuracy,rotterdam,lr,walk,0.3,0.5,22,1,1.5,6.0
0.8029270249206251,0.0075,0.9465420560747664,accuracy,rotterdam,lr,walk,0.5,0.75,8,1,2.5,6
0.8076174836698164,0.0075,0.9471028037383178,accuracy,rotterdam,lr,walk,0.3,1.5,9,1,1,4
0.810453887840576,0.0075,0.9472897196261683,accuracy,rotterdam,lr,walk,0.3,0.75,4,3,1.5,4.5
0.829506188598307,0.0075,0.9480373831775701,accuracy,rotterdam,lr,walk,0.3,0.75,8,2,1,5
0.8305553915633739,0.0075,0.9493457943925233,accuracy,rotterdam,lr,walk,0.3,0.5,12,2,1.5,6.0
0.833967157263807,0.0075,0.9508411214953271,accuracy,citbcmst,lr,walk,0.3,0.5,20,1,1.0,5.5
0.8730921199780968,0.0075,0.9519626168224299,accuracy,rotterdam,lr,walk,0.3,1.5,7,2,1,4.5
0.8937227356103655,0.0075,0.9521495327102804,accuracy,rotterdam,lr,walk,0.3,0.5,23,1,1.5,5.5
0.8972119629847679,0.0075,0.9534579439252336,accuracy,rotterdam,lr,walk,0.3,1.5,28,1,0.5,6
0.9133693634211075,0.0075,0.9538317757009346,accuracy,citbcmst,lr,walk,0.3,0.75,29,1,0.5,6
0.9267265644960457,0.0075,0.9542056074766355,accuracy,rotterdam,lr,walk,0.3,1.25,5,4,1.0,5.0
0.9426443246266875,0.0075,0.9542056074766355,accuracy,rotterdam,lr,walk,0.5,1.0,11,1,1.5,6.0
0.9490128313256623,0.0075,0.9586915887850467,accuracy,citbcmst,lr,walk,0.3,1.25,21,1,0.5,5.0
1.0136614508845012,0.0075,0.9592523364485981,accuracy,rotterdam,lr,walk,0.3,0.75,24,1,1.0,5.0
1.0143455553230611,0.0075,0.959626168224299,accuracy,citbcmst,lr,walk,0.3,1.0,19,1,0.5,4.5
1.0404430685915909,0.0075,0.9614953271028037,accuracy,rotterdam,lr,walk,0.3,1.25,4,5,1.0,4.5
1.06313794040096,0.0075,0.9622429906542056,accuracy,citbcmst,lr,walk,0.5,1.5,2,7,0.5,6
1.0952203925401056,0.0075,0.9654205607476636,accuracy,rotterdam,lr,walk,0.3,0.75,14,2,1,5.0
1.1393688687143975,0.0075,0.9661682242990655,accuracy,citbcmst,lr,walk,0.3,0.75,12,2,0.5,4.5
1.1735472015397375,0.0075,0.9691588785046729,accuracy,citbcmst,lr,walk,0.5,0.75,17,1,1.0,6.0
1.2107797703842331,0.0075,0.9719626168224299,accuracy,citbcmst,lr,walk,0.5,0.5,3,5,1.5,5.5
1.2747330340009195,0.0075,0.9723364485981308,accuracy,citbcmst,lr,walk,0.3,0.75,15,2,0.5,4.5
1.2754597131954308,0.0075,0.9742056074766355,accuracy,citbcmst,lr,walk,0.5,1.5,10,2,0.5,6
1.3290198229414738,0.0075,0.9745794392523365,accuracy,citbcmst,lr,walk,0.5,0.75,2,9,1.0,5.5
1.3664291943659421,0.0075,0.976822429906542,accuracy,citbcmst,lr,walk,0.5,1.25,19,1,0.5,5.5
1.4029706241529971,0.0075,0.9771962616822429,accuracy,citbcmst,lr,walk,0.5,0.5,2,10,1.0,5.5
1.4595869892376143,0.0075,0.9775700934579439,accuracy,citbcmst,lr,walk,0.5,0.5,7,2,1.5,4.5
1.4606517816375475,0.0075,0.9779439252336448,accuracy,citbcmst,lr,walk,0.5,1.0,26,1,0.5,6
1.4896103183120948,0.0075,0.9788785046728972,accuracy,citbcmst,lr,walk,0.5,1.0,27,1,0.5,6
1.5118622309586374,0.0075,0.9798130841121495,accuracy,citbcmst,lr,walk,0.5,1.5,3,5,0.5,4.5
1.5180202106749956,0.0075,0.9803738317757009,accuracy,citbcmst,lr,walk,0.5,1.25,19,1,0.5,5.0
1.5417104605565943,0.0075,0.982803738317757,accuracy,citbcmst,lr,walk,0.5,1.25,12,2,0.5,5.5
1.70317161800598,0.0075,0.9837383177570094,accuracy,citbcmst,lr,walk,0.7,0.5,5,3,1.5,5.5
1.7538051296406567,0.0075,0.9842990654205608,accuracy,citbcmst,lr,walk,0.7,1.25,19,1,0.5,6.0
1.7620683707922042,0.0075,0.9861682242990654,accuracy,citbcmst,lr,walk,0.7,1.5,8,2,0.5,5.5
1.895692556997996,0.0075,0.9861682242990654,accuracy,citbcmst,lr,walk,0.7,1.25,22,1,0.5,6.0
1.9257635224522804,0.0075,0.9861682242990654,accuracy,citbcmst,lr,walk,0.5,1.0,10,3,0.5,5.0
1.9299394559033503,0.0075,0.9863551401869158,accuracy,citbcmst,lr,walk,0.7,1.25,19,1,0.5,5.5
1.9576249101038035,0.0075,0.9869158878504672,accuracy,citbcmst,lr,walk,0.7,0.5,4,4,1.5,5.0
2.0295416046059556,0.0075,0.9872897196261682,accuracy,citbcmst,lr,walk,0.7,1.0,25,1,0.5,6
2.065893872892458,0.0075,0.9876635514018691,accuracy,citbcmst,lr,walk,0.9,1.0,11,1,1,5.0
2.0712033749808008,0.0075,0.9885981308411215,accuracy,citbcmst,lr,walk,0.9,0.75,8,2,1,6
2.1865371227753054,0.0075,0.9889719626168224,accuracy,citbcmst,lr,walk,0.7,0.5,12,2,1,5.5
2.1979146045605917,0.0075,0.9895327102803738,accuracy,citbcmst,lr,walk,0.7,1.0,29,1,0.5,6
2.20775908351745,0.0075,0.9910280373831776,accuracy,citbcmst,lr,walk,0.9,0.75,9,2,1,6
2.481428749149072,0.0075,0.991588785046729,accuracy,citbcmst,lr,walk,0.7,1.5,4,5,0.5,4.5
2.679063990034239,0.0075,0.9919626168224299,accuracy,citbcmst,lr,walk,0.7,0.75,18,1,1.0,4.0
2.7133149430065764,0.0075,0.9925233644859813,accuracy,citbcmst,lr,walk,0.9,1.5,11,2,0.5,5.5
2.9876620890913306,0.0075,0.9925233644859813,accuracy,citbcmst,lr,walk,0.7,1.5,11,2,0.5,4.0
3.0950485779664247,0.0075,0.9928971962616823,accuracy,citbcmst,lr,walk,0.7,1.5,15,2,0.5,4.5
3.2253271345881487,0.0075,0.9930841121495327,accuracy,citbcmst,lr,walk,0.9,0.5,10,2,1.5,4.5
3.5448568290623172,0.0075,0.9938317757009346,accuracy,citbcmst,lr,walk,0.7,1.25,15,2,0.5,4.0
3.987092261765482,0.0075,0.9942056074766356,accuracy,citbcmst,lr,walk,0.7,1.25,28,1,0.5,3.5
4.857095688993969,0.0075,0.9945794392523365,accuracy,citbcmst,lr,walk,0.9,0.75,18,1,1.0,3.0
5.164080758496141,0.0075,0.994766355140187,accuracy,citbcmst,lr,walk,0.9,0.5,10,2,2,3
7.177947804710426,0.0075,0.9949532710280374,accuracy,citbcmst,lr,walk,0.9,1.0,24,1,1,2.5
7.882510261143609,0.0075,0.9951401869158879,accuracy,citbcmst,lr,walk,0.9,0.75,28,1,1.5,2.5
7.939005308426653,0.0075,0.9951401869158879,accuracy,citbcmst,lr,walk,0.7,1.0,28,1,1.0,2
8.225790648359036,0.0075,0.9957009345794392,accuracy,citbcmst,lr,walk,0.9,0.5,15,2,2,2.5
16.056225158932342,0.0075,0.9958878504672897,accuracy,citbcmst,lr,walk,0.9,0.5,10,3,2,1.5
